2단계　,,3단계　,,4단계　,,등급
물질오용,A,물질오용/중독,A,중증 호흡곤란,AA,1
물질오용,A,물질오용/중독,A,쇼크,AB,1
물질오용,A,물질오용/중독,A,무의식(GCS 3-8),AC,1
물질오용,A,물질오용/중독,A,중등도 호흡곤란,AD,2
물질오용,A,물질오용/중독,A,혈역학적 장애,AE,2
물질오용,A,물질오용/중독,A,의식변화(GCS 9-13),AF,2
물질오용,A,물질오용/중독,A,"열,면역억제 상태",AG,2
물질오용,A,물질오용/중독,A,"<3 개월, T<36℃ 또는  ≥38℃",AH,2
물질오용,A,물질오용/중독,A,"3-36 개월, T<32℃ 또는  ≥38℃, 그리고 아파보임",AI,2
물질오용,A,물질오용/중독,A,경증 호흡곤란,AJ,3
물질오용,A,물질오용/중독,A,정상 범위 밖의 활력징후,AK,3
물질오용,A,물질오용/중독,A,"3-36 개월, T<32-35℃  또는 ≥38℃ 그리고 건강해 보임",AL,3
물질오용,A,물질오용/중독,A,">36 개월, T≥38℃, 그리고  아파 보임",AM,3
물질오용,A,물질오용/중독,A,">36 개월, T≥38℃, 그리고  건강해 보임",AN,4
물질오용,A,물질오용/중독,A,고위험 물질/알 수 없는 물질,CA,2
물질오용,A,물질오용/중독,A,도주의 가능성이나 안전에 대한 위험,CB,2
물질오용,A,물질오용/중독,A,알려진 저독성 물질,CC,4
물질오용,A,과다복용,B,중증 호흡곤란,AA,1
물질오용,A,과다복용,B,쇼크,AB,1
물질오용,A,과다복용,B,무의식(GCS 3-8),AC,1
물질오용,A,과다복용,B,중등도 호흡곤란,AD,2
물질오용,A,과다복용,B,혈역학적 장애,AE,2
물질오용,A,과다복용,B,의식변화(GCS 9-13),AF,2
물질오용,A,과다복용,B,"열,면역억제 상태",AG,2
물질오용,A,과다복용,B,"<3 개월, T<36℃ 또는  ≥38℃",AH,2
물질오용,A,과다복용,B,"3-36 개월, T<32℃ 또는  ≥38℃, 그리고 아파보임",AI,2
물질오용,A,과다복용,B,경증 호흡곤란,AJ,3
물질오용,A,과다복용,B,정상 범위 밖의 활력징후,AK,3
물질오용,A,과다복용,B,"3-36 개월, T<32-35℃  또는 ≥38℃ 그리고 건강해 보임",AL,3
물질오용,A,과다복용,B,">36 개월, T≥38℃, 그리고  아파 보임",AM,3
물질오용,A,과다복용,B,">36 개월, T≥38℃, 그리고  건강해 보임",AN,4
물질오용,A,과다복용,B,고위험 물질/알 수 없는 물질,CA,2
물질오용,A,과다복용,B,도주의 가능성이나 안전에 대한 위험,CB,2
물질오용,A,과다복용,B,계획적인 자살시도,CC,2
물질오용,A,과다복용,B,구체적인 계획이 없는 자살관념,CD,3
물질오용,A,과다복용,B,과다복용,CE,4
물질오용,A,물질금단,C,중증 호흡곤란,AA,1
물질오용,A,물질금단,C,쇼크,AB,1
물질오용,A,물질금단,C,무의식(GCS 3-8),AC,1
물질오용,A,물질금단,C,중등도 호흡곤란,AD,2
물질오용,A,물질금단,C,혈역학적 장애,AE,2
물질오용,A,물질금단,C,의식변화(GCS 9-13),AF,2
물질오용,A,물질금단,C,"열,면역억제 상태",AG,2
물질오용,A,물질금단,C,"<3 개월, T<36℃ 또는  ≥38℃",AH,2
물질오용,A,물질금단,C,"3-36 개월, T<32℃ 또는  ≥38℃, 그리고 아파보임",AI,2
물질오용,A,물질금단,C,경증 호흡곤란,AJ,3
물질오용,A,물질금단,C,정상 범위 밖의 활력징후,AK,3
물질오용,A,물질금단,C,"3-36 개월, T<32-35℃  또는 ≥38℃, 그리고 건강해 보임",AL,3
물질오용,A,물질금단,C,">36 개월, T≥38℃, 그리고  아파 보임",AM,3
물질오용,A,물질금단,C,">36 개월, T≥38℃, 그리고  건강해 보임",AN,4
물질오용,A,물질금단,C,경련중,CA,1
물질오용,A,물질금단,C,"최근발작, 발작 후 상태, 초조한 상태",CB,2
물질오용,A,물질금단,C,도주의 가능성이나 안전에 대한 위험,CC,2
물질오용,A,물질금단,C,중증 불안/초조,CD,2
물질오용,A,물질금단,C,중등도 불안/초조,CE,3
물질오용,A,물질금단,C,경증 불안/초조,CF,4
정신건강,B,불안/상황위기,A,중증 불안/초조,CA,2
정신건강,B,불안/상황위기,A,도주의 가능성이나 안전에 대한 위험,CB,2
정신건강,B,불안/상황위기,A,중등도 불안/초조,CC,3
정신건강,B,불안/상황위기,A,경증 불안/초조,CD,4
정신건강,B,환각/망상,B,중등도 호흡곤란,AA,2
정신건강,B,환각/망상,B,혈역학적 장애,AB,2
정신건강,B,환각/망상,B,의식변화(GCS 9-13),AC,2
정신건강,B,환각/망상,B,"열,면역억제 상태",AD,2
정신건강,B,환각/망상,B,"<3 개월, T<36℃ 또는  ≥38℃",AE,2
정신건강,B,환각/망상,B,"3-36 개월, T<32℃ 또는  ≥38℃, 그리고 아파보임",AF,2
정신건강,B,환각/망상,B,경증 호흡곤란,AG,3
정신건강,B,환각/망상,B,정상 범위 밖의 활력징후,AH,3
정신건강,B,환각/망상,B,"3-36 개월, T<32-35℃  또는 ≥38℃ 그리고 건강해 보임",AI,3
정신건강,B,환각/망상,B,">36 개월, T≥38℃, 그리고  아파 보임",AJ,3
정신건강,B,환각/망상,B,">36 개월, T≥38℃, 그리고  건강해 보임",AK,4
정신건강,B,환각/망상,B,"급성 정신병, 중증 불안/초조, 도주의  가능성이나 안전에 대한 위험",CA,2
정신건강,B,환각/망상,B,중등도 불안/초조 또는  편집증(Paranoia)을 동반,CB,3
정신건강,B,환각/망상,B,"경증의 불안/초조, 안정성",CC,4
정신건강,B,환각/망상,B,만성적인 환각으로 인한 경증의  불안/초조,CD,5
정신건강,B,불면증,C,급성 불면증,CA,4
정신건강,B,불면증,C,만성 불면증,CB,5
정신건강,B,폭력/살인행위,D,자신 혹은 타인을 해치려는 구체적인  계획이 있거나 충동을 억제할 수 없는 상태,CA,1
정신건강,B,폭력/살인행위,D,도주의 가능성이나 안전에 대한 위험,CB,2
정신건강,B,폭력/살인행위,D,구체적인 계획이 없는 폭력적인 생각,CC,3
정신건강,B,우울증/자살/자해,E,계획적인 자살시도,CA,2
정신건강,B,우울증/자살/자해,E,뚜렷한 자살의도,CB,2
정신건강,B,우울증/자살/자해,E,도주의 가능성이나 안전에 대한 위험,CC,2
정신건강,B,우울증/자살/자해,E,구체적인 계획이 없는 자살 관념,CD,3
정신건강,B,우울증/자살/자해,E,"우울함, 자살 생각은 없음",CE,4
정신건강,B,사회문제,F,"육체적 학대, 정신적 학대, 높은  감정적 스트레스",CA,2
정신건강,B,사회문제,F,대처할 수 없는 상태,CB,4
정신건강,B,사회문제,F,"만성, 비급성 상태",CC,5
정신건강,B,기괴한 행동,G,중등도 호흡곤란,AA,2
정신건강,B,기괴한 행동,G,혈역학적 장애,AB,2
정신건강,B,기괴한 행동,G,의식변화(GCS 9-13),AC,2
정신건강,B,기괴한 행동,G,"열,면역억제 상태",AD,2
정신건강,B,기괴한 행동,G,"<3 개월, T<36℃ 또는  ≥38℃",AE,2
정신건강,B,기괴한 행동,G,"3-36 개월, T<32℃ 또는  ≥38℃, 그리고 아파보임",AF,2
정신건강,B,기괴한 행동,G,경증 호흡곤란,AG,3
정신건강,B,기괴한 행동,G,정상 범위 밖의 활력징후,AH,3
정신건강,B,기괴한 행동,G,"3-36 개월, T<32-35℃  또는 ≥38℃ 그리고 건강해 보임",AI,3
정신건강,B,기괴한 행동,G,">36 개월, T≥38℃, 그리고  아파 보임",AJ,3
정신건강,B,기괴한 행동,G,">36 개월, T≥38℃, 그리고  건강해 보임",AK,4
정신건강,B,기괴한 행동,G,조절되지 않는 행동,CA,1
정신건강,B,기괴한 행동,G,도주의 가능성이나 안전에 대한 위험,CB,2
정신건강,B,기괴한 행동,G,조절되는 행동,CC,3
정신건강,B,기괴한 행동,G,해를 끼치지 않는 행동,CD,4
정신건강,B,기괴한 행동,G,"만성, 비급성 상태",CE,5
정신건강,B,환자의 복지에 대한 고려,H,다툼 또는 불안정한 상황,CA,1
정신건강,B,환자의 복지에 대한 고려,H,도주의 가능성이나 학대가 반복될 위험,CB,2
정신건강,B,환자의 복지에 대한 고려,H,육체적 폭행 또는 성폭행,CC,3
정신건강,B,환자의 복지에 대한 고려,H,학대의 병력/징후,CD,4
정신건강,B,소아의 파괴적 행동,I,도주의 가능성이나 안전에 대한  위험/가족의 괴로움,CA,2
정신건강,B,소아의 파괴적 행동,I,타인이나 주변환경에 대해 급성으로  발생한 문제,CB,3
정신건강,B,소아의 파괴적 행동,I,지속적인 문제 행동,CC,4
정신건강,B,소아의 파괴적 행동,I,만성적이며 변하지 않는 행동,CD,5
신경과,C,의식수준의 변화,A,중증 호흡곤란,AA,1
신경과,C,의식수준의 변화,A,쇼크,AB,1
신경과,C,의식수준의 변화,A,무의식(GCS 3-8),AC,1
신경과,C,의식수준의 변화,A,중등도 호흡곤란,AD,2
신경과,C,의식수준의 변화,A,혈역학적 장애,AE,2
신경과,C,의식수준의 변화,A,의식변화(GCS 9-13),AF,2
신경과,C,의식수준의 변화,A,"열,면역억제 상태",AG,2
신경과,C,의식수준의 변화,A,"<3 개월, T<36℃ 또는  ≥38℃",AH,2
신경과,C,의식수준의 변화,A,"3-36 개월, T<32℃ 또는  ≥38℃, 그리고 아파보임",AI,2
신경과,C,의식수준의 변화,A,경증 호흡곤란,AJ,3
신경과,C,의식수준의 변화,A,정상 범위 밖의 활력징후,AK,3
신경과,C,의식수준의 변화,A,"3-36 개월, T<32-35℃  또는 ≥38℃ 그리고 건강해 보임",AL,3
신경과,C,의식수준의 변화,A,">36 개월, T≥38℃, 그리고  아파 보임",AM,3
신경과,C,의식수준의 변화,A,고위험성 사고기전,BA,2
신경과,C,의식수준의 변화,A,혈중 글루코스<54mg/dl 이고  관련증상을 동반,CA,2
신경과,C,착란,B,중증 호흡곤란,AA,1
신경과,C,착란,B,쇼크,AB,1
신경과,C,착란,B,무의식(GCS 3-8),AC,1
신경과,C,착란,B,중등도 호흡곤란,AD,2
신경과,C,착란,B,혈역학적 장애,AE,2
신경과,C,착란,B,의식변화(GCS 9-13),AF,2
신경과,C,착란,B,"열,면역억제 상태",AG,2
신경과,C,착란,B,"<3 개월, T<36℃ 또는  ≥38℃",AH,2
신경과,C,착란,B,"3-36 개월, T<32℃ 또는  ≥38℃, 그리고 아파보임",AI,2
신경과,C,착란,B,경증 호흡곤란,AJ,3
신경과,C,착란,B,정상 범위 밖의 활력징후,AK,3
신경과,C,착란,B,"3-36 개월, T<32-35℃  또는 ≥38℃ 그리고 건강해 보임",AL,3
신경과,C,착란,B,">36 개월, T≥38℃, 그리고  아파 보임",AM,3
신경과,C,착란,B,혈중 글루코스<54mg/dl 이고  관련증상을 동반,CA,2
신경과,C,착란,B,두통 또는 의식상태의 변화를 동반한  급성 착란,CB,2
신경과,C,착란,B,두통 또는 의식상태의 변화를 동반하지  않는 급성착란,CC,3
신경과,C,착란,B,"만성, 평상시에 비해 변화없음",CD,4
신경과,C,현훈,C,중증 호흡곤란,AA,1
신경과,C,현훈,C,쇼크,AB,1
신경과,C,현훈,C,무의식(GCS 3-8),AC,1
신경과,C,현훈,C,중등도 호흡곤란,AD,2
신경과,C,현훈,C,혈역학적 장애,AE,2
신경과,C,현훈,C,의식변화(GCS 9-13),AF,2
신경과,C,현훈,C,"열,면역억제 상태",AG,2
신경과,C,현훈,C,"<3 개월, T<36℃ 또는  ≥38℃",AH,2
신경과,C,현훈,C,"3-36 개월, T<32℃ 또는  ≥38℃, 그리고 아파보임",AI,2
신경과,C,현훈,C,경증 호흡곤란,AJ,3
신경과,C,현훈,C,정상 범위 밖의 활력징후,AK,3
신경과,C,현훈,C,"3-36 개월, T<32-35℃  또는 ≥38℃ 그리고 건강해 보임",AL,3
신경과,C,현훈,C,">36 개월, T≥38℃, 그리고  아파 보임",AM,3
신경과,C,현훈,C,자세변화에 의해 유발되지 않음 ±  신경학적 증상의 동반,CA,2
신경과,C,현훈,C,"자세변화에 의해 발생, 다른 신경학적  증상 없음",CB,3
신경과,C,두통,D,중증 호흡곤란,AA,1
신경과,C,두통,D,쇼크,AB,1
신경과,C,두통,D,무의식(GCS 3-8),AC,1
신경과,C,두통,D,중등도 호흡곤란,AD,2
신경과,C,두통,D,혈역학적 장애,AE,2
신경과,C,두통,D,의식변화(GCS 9-13),AF,2
신경과,C,두통,D,"열,면역억제 상태",AG,2
신경과,C,두통,D,"<3 개월, T<36℃ 또는  ≥38℃",AH,2
신경과,C,두통,D,"3-36 개월, T<32℃ 또는  ≥38℃, 그리고 아파보임",AI,2
신경과,C,두통,D,경증 호흡곤란,AJ,3
신경과,C,두통,D,정상 범위 밖의 활력징후,AK,3
신경과,C,두통,D,"3-36 개월, T<32-35℃  또는 ≥38℃ 그리고 건강해 보임",AL,3
신경과,C,두통,D,">36 개월, T≥38℃, 그리고  아파 보임",AM,3
신경과,C,두통,D,">36 개월, T≥38℃, 그리고  건강해 보임",AN,4
신경과,C,두통,D,급성 중증 통증(8-10),BA,2
신경과,C,두통,D,급성 중등도 통증(4-7),BB,3
신경과,C,두통,D,만성 중증 통증(8-10),BC,3
신경과,C,두통,D,급성 경증 통증(<4),BD,4
신경과,C,두통,D,만성 중등도 통증(4-7),BE,4
신경과,C,두통,D,만성 경증 통증(<4),BF,5
신경과,C,두통,D,"급성,중증, 지금까지 경험했던 두통 중  가장 심함",CA,2
신경과,C,두통,D,시력장애 ± 안구통증,CB,2
신경과,C,두통,D,만성 또는 반복적인 두통,CC,5
신경과,C,발작,E,중증 호흡곤란,AA,1
신경과,C,발작,E,쇼크,AB,1
신경과,C,발작,E,무의식(GCS 3-8),AC,1
신경과,C,발작,E,중등도 호흡곤란,AD,2
신경과,C,발작,E,혈역학적 장애,AE,2
신경과,C,발작,E,의식변화(GCS 9-13),AF,2
신경과,C,발작,E,"열,면역억제 상태",AG,2
신경과,C,발작,E,"<3 개월, T<36℃ 또는  ≥38℃",AH,2
신경과,C,발작,E,"3-36 개월, T<32℃ 또는  ≥38℃, 그리고 아파보임",AI,2
신경과,C,발작,E,경증 호흡곤란,AJ,3
신경과,C,발작,E,정상 범위 밖의 활력징후,AK,3
신경과,C,발작,E,"3-36 개월, T<32-35℃  또는 ≥38℃ 그리고 건강해 보임",AL,3
신경과,C,발작,E,">36 개월, T≥38℃, 그리고  아파 보임",AM,3
신경과,C,발작,E,급성 중증 통증(8-10),BA,2
신경과,C,발작,E,급성 중등도 통증(4-7),BB,3
신경과,C,발작,E,발작 중,CA,1
신경과,C,발작,E,발작 후 상태,CB,2
신경과,C,발작,E,"회복된 상태, 명료한의식",CC,3
신경과,C,보행장애/운동실조,F,중증 호흡곤란,AA,1
신경과,C,보행장애/운동실조,F,쇼크,AB,1
신경과,C,보행장애/운동실조,F,무의식(GCS 3-8),AC,1
신경과,C,보행장애/운동실조,F,중등도 호흡곤란,AD,2
신경과,C,보행장애/운동실조,F,혈역학적 장애,AE,2
신경과,C,보행장애/운동실조,F,의식변화(GCS 9-13),AF,2
신경과,C,보행장애/운동실조,F,"열,면역억제 상태",AG,2
신경과,C,보행장애/운동실조,F,"<3 개월, T<36℃ 또는  ≥38℃",AH,2
신경과,C,보행장애/운동실조,F,"3-36 개월, T<32℃ 또는  ≥38℃, 그리고 아파보임",AI,2
신경과,C,보행장애/운동실조,F,경증 호흡곤란,AJ,3
신경과,C,보행장애/운동실조,F,정상 범위 밖의 활력징후,AK,3
신경과,C,보행장애/운동실조,F,"3-36 개월, T<32-35℃  또는 ≥38℃ 그리고 건강해 보임",AL,3
신경과,C,보행장애/운동실조,F,">36 개월, T≥38℃, 그리고  아파 보임",AM,3
신경과,C,보행장애/운동실조,F,">36 개월, T≥38℃, 그리고  건강해 보임",AN,4
신경과,C,보행장애/운동실조,F,발병시간<3시간,CA,2
신경과,C,사지약화/뇌졸중 증상,G,중증 호흡곤란,AA,1
신경과,C,사지약화/뇌졸중 증상,G,쇼크,AB,1
신경과,C,사지약화/뇌졸중 증상,G,무의식(GCS 3-8),AC,1
신경과,C,사지약화/뇌졸중 증상,G,중등도 호흡곤란,AD,2
신경과,C,사지약화/뇌졸중 증상,G,혈역학적 장애,AE,2
신경과,C,사지약화/뇌졸중 증상,G,의식변화(GCS 9-13),AF,2
신경과,C,사지약화/뇌졸중 증상,G,"열,면역억제 상태",AG,2
신경과,C,사지약화/뇌졸중 증상,G,"<3 개월, T<36℃ 또는  ≥38℃",AH,2
신경과,C,사지약화/뇌졸중 증상,G,"3-36 개월, T<32℃ 또는  ≥38℃, 그리고 아파보임",AI,2
신경과,C,사지약화/뇌졸중 증상,G,경증 호흡곤란,AJ,3
신경과,C,사지약화/뇌졸중 증상,G,정상 범위 밖의 활력징후,AK,3
신경과,C,사지약화/뇌졸중 증상,G,"3-36 개월, T<32-35℃  또는 ≥38℃ 그리고 건강해 보임",AL,3
신경과,C,사지약화/뇌졸중 증상,G,">36 개월, T≥38℃, 그리고  아파 보임",AM,3
신경과,C,사지약화/뇌졸중 증상,G,급성 중증 통증(8-10),BA,2
신경과,C,사지약화/뇌졸중 증상,G,출혈성 질환(생명이나 사지에 위급한  출혈),BB,2
신경과,C,사지약화/뇌졸중 증상,G,급성 중등도 통증(4-7),BC,3
신경과,C,사지약화/뇌졸중 증상,G,출혈성 질환(중등도나 경증의 출혈),BD,3
신경과,C,사지약화/뇌졸중 증상,G,발병시간<3시간,CA,2
신경과,C,사지약화/뇌졸중 증상,G,>3시간 또는 회복된 상태,CB,3
신경과,C,두부손상,H,중증 호흡곤란,AA,1
신경과,C,두부손상,H,쇼크,AB,1
신경과,C,두부손상,H,무의식(GCS 3-8),AC,1
신경과,C,두부손상,H,중등도 호흡곤란,AD,2
신경과,C,두부손상,H,혈역학적 장애,AE,2
신경과,C,두부손상,H,의식변화(GCS 9-13),AF,2
신경과,C,두부손상,H,"열,면역억제 상태",AG,2
신경과,C,두부손상,H,"<3 개월, T<36℃ 또는  ≥38℃",AH,2
신경과,C,두부손상,H,"3-36 개월, T<32℃ 또는  ≥38℃, 그리고 아파보임",AI,2
신경과,C,두부손상,H,경증 호흡곤란,AJ,3
신경과,C,두부손상,H,정상 범위 밖의 활력징후,AK,3
신경과,C,두부손상,H,"3-36 개월, T<32-35℃  또는 ≥38℃ 그리고 건강해 보임",AL,3
신경과,C,두부손상,H,">36 개월, T≥38℃, 그리고  아파 보임",AM,3
신경과,C,두부손상,H,">36 개월, T≥38℃, 그리고  건강해 보임",AN,4
신경과,C,두부손상,H,급성 중증 통증(8-10),BA,2
신경과,C,두부손상,H,출혈성 질환(생명이나 사지에 위급한  출혈),BB,2
신경과,C,두부손상,H,고위험성 사고기전,BC,2
신경과,C,두부손상,H,급성 중등도 통증(4-7),BD,3
신경과,C,두부손상,H,출혈성 질환(중등도나 경증의 출혈),BE,3
신경과,C,두부손상,H,급성 경증 통증(<4),BF,4
신경과,C,두부손상,H,새로운 국소적 신경학적 증상,CA,2
신경과,C,두부손상,H,의식소실의 병력,CB,3
신경과,C,두부손상,H,장기간의 척추고정,CC,3
신경과,C,두부손상,H,의식소실의 병력이 없음,CD,4
신경과,C,떨림(Tremor),I,중등도 호흡곤란,AA,2
신경과,C,떨림(Tremor),I,혈역학적 장애,AB,2
신경과,C,떨림(Tremor),I,의식변화(GCS 9-13),AC,2
신경과,C,떨림(Tremor),I,"열,면역억제 상태",AD,2
신경과,C,떨림(Tremor),I,"<3 개월, T<36℃ 또는  ≥38℃",AE,2
신경과,C,떨림(Tremor),I,"3-36 개월, T<32℃ 또는  ≥38℃, 그리고 아파보임",AF,2
신경과,C,떨림(Tremor),I,경증 호흡곤란,AG,3
신경과,C,떨림(Tremor),I,정상 범위 밖의 활력징후,AH,3
신경과,C,떨림(Tremor),I,"3-36 개월, T<32-35℃  또는 ≥38℃ 그리고 건강해 보임",AI,3
신경과,C,떨림(Tremor),I,">36 개월, T≥38℃, 그리고  아파 보임",AJ,3
신경과,C,떨림(Tremor),I,">36 개월, T≥38℃, 그리고  건강해 보임",AK,4
신경과,C,떨림(Tremor),I,만성떨림,CA,4
신경과,C,감각상실/이상감각,J,새로 발병된 감각소실/이상감각,CA,3
신경과,C,감각상실/이상감각,J,만성 감각소실/이상감각,CB,4
신경과,C,축 늘어진 소아(Floppy  child),K,중증 호흡곤란,AA,1
신경과,C,축 늘어진 소아(Floppy  child),K,쇼크,AB,1
신경과,C,축 늘어진 소아(Floppy  child),K,무의식(GCS 3-8),AC,1
신경과,C,축 늘어진 소아(Floppy  child),K,중등도 호흡곤란,AD,2
신경과,C,축 늘어진 소아(Floppy  child),K,혈역학적 장애,AE,2
신경과,C,축 늘어진 소아(Floppy  child),K,의식변화(GCS 9-13),AF,2
신경과,C,축 늘어진 소아(Floppy  child),K,"열,면역억제 상태",AG,2
신경과,C,축 늘어진 소아(Floppy  child),K,"<3 개월, T<36℃ 또는  ≥38℃",AH,2
신경과,C,축 늘어진 소아(Floppy  child),K,"3-36 개월, T<32℃ 또는  ≥38℃, 그리고 아파보임",AI,2
신경과,C,축 늘어진 소아(Floppy  child),K,경증 호흡곤란,AJ,3
신경과,C,축 늘어진 소아(Floppy  child),K,정상 범위 밖의 활력징후,AK,3
신경과,C,축 늘어진 소아(Floppy  child),K,"3-36 개월, T<32-35℃  또는 ≥38℃ 그리고 건강해 보임",AL,3
신경과,C,축 늘어진 소아(Floppy  child),K,">36 개월, T≥38℃, 그리고  아파 보임",AM,3
신경과,C,축 늘어진 소아(Floppy  child),K,출혈성 질환(생명이나 사지에 위급한  출혈),BA,2
신경과,C,축 늘어진 소아(Floppy  child),K,출혈성 질환(중등도나 경증의 출혈),BB,3
신경과,C,축 늘어진 소아(Floppy  child),K,"머리를 지탱할 수 없음, 근긴장도가  없음",CA,2
신경과,C,축 늘어진 소아(Floppy  child),K,예상보다 제한적인 근육 혹은 예상보다  적은 근육,CB,3
안과,D,"화학물질 노출,눈",A,"화학물질 노출,눈",CA,2
안과,D,"이물질,눈",B,급성 중증 통증(8-10),BA,2
안과,D,"이물질,눈",B,급성 중등도 통증(4-7),BB,3
안과,D,"이물질,눈",B,급성 경증 통증(<4),BC,4
안과,D,"이물질,눈",B,이물질의 안구 관통,CA,2
안과,D,"이물질,눈",B,급성 또는 갑작스런 시력변화,CB,2
안과,D,"이물질,눈",B,급성 말초성 경증 통증,CC,5
안과,D,시력장애,C,급성 또는 갑작스런 시력장애,CA,2
안과,D,시력장애,C,만성/점진적 시력장애,CB,4
안과,D,눈통증,D,급성 중증 통증(8-10),BA,2
안과,D,눈통증,D,급성 중등도 통증(4-7),BC,3
안과,D,눈통증,D,만성 중증 통증(8-10),BD,3
안과,D,눈통증,D,급성 경증 통증(<4),BE,4
안과,D,눈통증,D,만성 중등도 통증(4-7),BF,4
안과,D,눈통증,D,만성 경증 통증(<4),BG,5
안과,D,눈통증,D,급성 또는 갑작스런 시력변화,CA,2
안과,D,"눈충혈,분비물",E,급성 중증 통증(8-10),BA,2
안과,D,"눈충혈,분비물",E,급성 중등도 통증(4-7),BB,3
안과,D,"눈충혈,분비물",E,만성 중증 통증(8-10),BC,3
안과,D,"눈충혈,분비물",E,급성 경증 통증(<4),BD,4
안과,D,"눈충혈,분비물",E,만성 중등도 통증(4-7),BE,4
안과,D,"눈충혈,분비물",E,만성 경증 통증(<4),BF,5
안과,D,"눈충혈,분비물",E,"눈충혈/분비물, 급성",CA,4
안과,D,"눈충혈,분비물",E,"눈충혈/분비물, 만성",CB,5
안과,D,눈부심,F,급성 중증 통증(8-10),BA,2
안과,D,눈부심,F,급성 중등도 통증(4-7),BB,3
안과,D,눈부심,F,급성 경증 통증(<4),BC,4
안과,D,눈부심,F,눈부심,CA,4
안과,D,복시,G,급성발병,CA,3
안과,D,복시,G,만성 복시,CB,4
안과,D,안와주위 부종,H,중등도 호흡곤란,AA,2
안과,D,안와주위 부종,H,혈역학적 장애,AB,2
안과,D,안와주위 부종,H,의식변화(GCS 9-13),AC,2
안과,D,안와주위 부종,H,"열,면역억제 상태",AD,2
안과,D,안와주위 부종,H,"<3 개월, T<36℃ 또는  ≥38℃",AE,2
안과,D,안와주위 부종,H,"3-36 개월, T<32℃ 또는  ≥38℃, 그리고 아파보임",AF,2
안과,D,안와주위 부종,H,경증 호흡곤란,AG,3
안과,D,안와주위 부종,H,정상 범위 밖의 활력징후,AH,3
안과,D,안와주위 부종,H,"3-36 개월, T<32-35℃  또는 ≥38℃ 그리고 건강해 보임",AI,3
안과,D,안와주위 부종,H,">36 개월, T≥38℃, 그리고  아파 보임",AJ,3
안과,D,안와주위 부종,H,">36 개월, T≥38℃, 그리고  건강해 보임",AK,4
안과,D,안와주위 부종,H,급성 중증 통증(8-10),BA,2
안과,D,안와주위 부종,H,급성 중등도 통증(4-7),BB,3
안과,D,안와주위 부종,H,급성 경증 통증(<4),BC,4
안과,D,안와주위 부종,H,안와주위 부종,CA,5
안과,D,눈 외상,I,급성 중증 통증(8-10),BA,2
안과,D,눈 외상,I,출혈성 질환(생명이나 사지에 위급한  출혈),BB,2
안과,D,눈 외상,I,고위험성 사고기전,BC,2
안과,D,눈 외상,I,급성 중등도 통증(4-7),BD,3
안과,D,눈 외상,I,출혈성 질환(중등도나 경증의 출혈),BE,3
안과,D,눈 외상,I,급성 경증 통증(<4),BF,3
안과,D,눈 외상,I,"관통 손상이나 화학, 직접적인 고열에  의한 손상",CA,2
안과,D,눈 외상,I,둔상에 의한 시력소실,CB,2
안과,D,눈 외상,I,급성/갑작스런 시력변화,CC,2
안과,D,눈 외상,I,분류담당자가 눈을 확인할 수 없는 상태,CD,2
안과,D,눈의 재검(Re-check),J,급성 중증 통증(8-10),BA,2
안과,D,눈의 재검(Re-check),J,급성 중등도 통증(4-7),BB,3
안과,D,눈의 재검(Re-check),J,급성 경증 통증(<4),BC,4
안과,D,눈의 재검(Re-check),J,급성 또는 갑작스런 시력변화,CA,2
안과,D,눈의 재검(Re-check),J,눈의 재확인,CB,5
코질환,E,코피,A,중증 호흡곤란,AA,1
코질환,E,코피,A,쇼크,AB,1
코질환,E,코피,A,무의식(GCS 3-8),AC,1
코질환,E,코피,A,중등도 호흡곤란,AD,2
코질환,E,코피,A,혈역학적 장애,AE,2
코질환,E,코피,A,의식변화(GCS 9-13),AF,2
코질환,E,코피,A,"열,면역억제 상태",AG,2
코질환,E,코피,A,"<3 개월, T<36℃ 또는  ≥38℃",AH,2
코질환,E,코피,A,"3-36 개월, T<32℃ 또는  ≥38℃, 그리고 아파보임",AI,2
코질환,E,코피,A,경증 호흡곤란,AJ,3
코질환,E,코피,A,정상 범위 밖의 활력징후,AK,3
코질환,E,코피,A,"3-36 개월, T<32-35℃  또는 ≥38℃ 그리고 건강해 보임",AL,3
코질환,E,코피,A,">36 개월, T≥38℃, 그리고  아파 보임",AM,3
코질환,E,코피,A,">36 개월, T≥38℃, 그리고  건강해 보임",AN,4
코질환,E,코피,A,출혈성 질환(생명이나 사지에 위급한  출혈),BA,2
코질환,E,코피,A,출혈성 질환(중등도나 경증의 출혈),BB,3
코질환,E,코피,A,"적절한 압박에도 멈추지 않는 코피,  또는 관련된 내과적 기저질환이 있는 경우",CA,2
코질환,E,코피,A,압박으로 지혈된 코피,CB,3
코질환,E,코피,A,"급성코피, 두드러진 출혈은 없음",CC,4
코질환,E,코피,A,주기적/반복적이며 두드러지지 않은 출혈,CD,5
코질환,E,코막힘/건초열,B,코막힘/건초열,CA,5
코질환,E,"이물질,코",C,중등도 호흡곤란,AA,2
코질환,E,"이물질,코",C,경증 호흡곤란,AB,3
코질환,E,"이물질,코",C,정상 범위 밖의 활력징후,AC,3
코질환,E,"이물질,코",C,"3-36 개월, T<32-35℃  또는 ≥38℃ 그리고 건강해 보임",AD,3
코질환,E,"이물질,코",C,">36 개월, T≥38℃, 그리고  아파 보임",AE,3
코질환,E,"이물질,코",C,">36 개월, T≥38℃, 그리고  건강해 보임",AF,4
코질환,E,"이물질,코",C,급성 중증 통증(8-10),BA,2
코질환,E,"이물질,코",C,급성 중등도 통증(4-7),BB,3
코질환,E,"이물질,코",C,급성 경증 통증(<4),BC,4
코질환,E,상기도감염 증상 호소,D,중등도 호흡곤란,AA,2
코질환,E,상기도감염 증상 호소,D,경증 호흡곤란,AB,3
코질환,E,상기도감염 증상 호소,D,정상 범위 밖의 활력징후,AC,3
코질환,E,상기도감염 증상 호소,D,"3-36 개월, T<32-35℃  또는 ≥38℃ 그리고 건강해 보임",AD,3
코질환,E,상기도감염 증상 호소,D,">36 개월, T≥38℃, 그리고  아파 보임",AE,3
코질환,E,상기도감염 증상 호소,D,">36 개월, T≥38℃, 그리고  건강해 보임",AF,4
코질환,E,상기도감염 증상 호소,D,급성 중증 통증(8-10),BA,2
코질환,E,상기도감염 증상 호소,D,급성 중등도 통증(4-7),BB,3
코질환,E,상기도감염 증상 호소,D,급성 경증 통증(<4),BC,4
코질환,E,상기도감염 증상 호소,D,"건강해보임, 열 없음",CA,5
코질환,E,코외상,E,중등도 호흡곤란,AA,2
코질환,E,코외상,E,혈역학적 장애,AB,2
코질환,E,코외상,E,의식변화(GCS 9-13),AC,2
코질환,E,코외상,E,"열,면역억제 상태",AD,2
코질환,E,코외상,E,"<3 개월, T<36℃ 또는  ≥38℃",AE,2
코질환,E,코외상,E,"3-36 개월, T<32℃ 또는  ≥38℃, 그리고 아파보임",AF,2
코질환,E,코외상,E,경증 호흡곤란,AG,3
코질환,E,코외상,E,정상 범위 밖의 활력징후,AH,3
코질환,E,코외상,E,"3-36 개월, T<32-35℃  또는 ≥38℃ 그리고 건강해 보임",AI,3
코질환,E,코외상,E,">36 개월, T≥38℃, 그리고  아파 보임",AJ,3
코질환,E,코외상,E,">36 개월, T≥38℃, 그리고  건강해 보임",AK,4
코질환,E,코외상,E,급성 중증 통증(8-10),BA,2
코질환,E,코외상,E,출혈성 질환(생명이나 사지에 위급한  출혈),BB,2
코질환,E,코외상,E,급성 중등도 통증(4-7),BC,3
코질환,E,코외상,E,출혈성 질환(중등도나 경증의 출혈),BD,3
코질환,E,코외상,E,급성 경증 통증(<4),BE,4
코질환,E,코외상,E,적절한 지혈에도 멈추지 않는 코피,CA,2
코질환,E,코외상,E,코외상,CB,5
귀질환,F,이통(Earache),A,중등도 호흡곤란,AA,2
귀질환,F,이통(Earache),A,혈역학적 장애,AB,2
귀질환,F,이통(Earache),A,의식변화(GCS 9-13),AC,2
귀질환,F,이통(Earache),A,"열,면역억제 상태",AD,2
귀질환,F,이통(Earache),A,"<3 개월, T<36℃ 또는  ≥38℃",AE,2
귀질환,F,이통(Earache),A,"3-36 개월, T<32℃ 또는  ≥38℃, 그리고 아파보임",AF,2
귀질환,F,이통(Earache),A,경증 호흡곤란,AG,3
귀질환,F,이통(Earache),A,정상 범위 밖의 활력징후,AH,3
귀질환,F,이통(Earache),A,"3-36 개월, T<32-35℃  또는 ≥38℃ 그리고 건강해 보임",AI,3
귀질환,F,이통(Earache),A,">36 개월, T≥38℃, 그리고  아파 보임",AJ,3
귀질환,F,이통(Earache),A,">36 개월, T≥38℃, 그리고  건강해 보임",AK,4
귀질환,F,이통(Earache),A,급성 중증 통증(8-10),BA,2
귀질환,F,이통(Earache),A,급성 중등도 통증(4-7),BB,3
귀질환,F,이통(Earache),A,만성 중증 통증(8-10),BC,3
귀질환,F,이통(Earache),A,급성 경증 통증(<4),BD,4
귀질환,F,이통(Earache),A,만성 중등도 통증(4-7),BE,4
귀질환,F,이통(Earache),A,만성 경증 통증(<4),BF,5
귀질환,F,"이물질,귀",B,급성 중증 통증(8-10),BA,2
귀질환,F,"이물질,귀",B,급성 중등도 통증(4-7),BB,3
귀질환,F,"이물질,귀",B,급성 경증 통증(<4),BC,4
귀질환,F,청력소실,C,"청력소실, 급성 발병",CA,3
귀질환,F,청력소실,C,"청력소실, 서서히 발병",CB,5
귀질환,F,이명,D,아스피린 복용 가능성 있음,CA,2
귀질환,F,이명,D,이명,CB,4
귀질환,F,"삼출물,귀",E,"열,면역억제 상태",AA,2
귀질환,F,"삼출물,귀",E,"<3 개월, T<36℃ 또는  ≥38℃",AB,2
귀질환,F,"삼출물,귀",E,"3-36 개월, T<32℃ 또는  ≥38℃, 그리고 아파보임",AC,2
귀질환,F,"삼출물,귀",E,경증 호흡곤란,AD,3
귀질환,F,"삼출물,귀",E,정상 범위 밖의 활력징후,AE,3
귀질환,F,"삼출물,귀",E,"3-36 개월, T<32-35℃  또는 ≥38℃ 그리고 건강해 보임",AF,3
귀질환,F,"삼출물,귀",E,">36 개월, T≥38℃, 그리고  아파 보임",AG,3
귀질환,F,"삼출물,귀",E,">36 개월, T≥38℃, 그리고  건강해 보임",AH,4
귀질환,F,귀손상,F,중등도 호흡곤란,AA,2
귀질환,F,귀손상,F,혈역학적 장애,AB,2
귀질환,F,귀손상,F,의식변화(GCS 9-13),AC,2
귀질환,F,귀손상,F,"열,면역억제 상태",AD,2
귀질환,F,귀손상,F,"<3 개월, T<36℃ 또는  ≥38℃",AE,2
귀질환,F,귀손상,F,"3-36 개월, T<32℃ 또는  ≥38℃, 그리고 아파보임",AF,2
귀질환,F,귀손상,F,경증 호흡곤란,AG,3
귀질환,F,귀손상,F,정상 범위 밖의 활력징후,AH,3
귀질환,F,귀손상,F,"3-36 개월, T<32-35℃  또는 ≥38℃ 그리고 건강해 보임",AI,3
귀질환,F,귀손상,F,">36 개월, T≥38℃, 그리고  아파 보임",AJ,3
귀질환,F,귀손상,F,">36 개월, T≥38℃, 그리고  건강해 보임",AK,4
귀질환,F,귀손상,F,급성 중증 통증(8-10),BA,2
귀질환,F,귀손상,F,출혈성 질환(중등도나 경증의 출혈),BB,3
귀질환,F,귀손상,F,급성 중등도 통증(4-7),BC,3
귀질환,F,귀손상,F,급성 경증 통증(<4),BD,4
귀질환,F,귀손상,F,절단,CA,2
귀질환,F,귀손상,F,"창백하거나 청색증을 동반한 동상, 중증",CB,3
귀질환,F,귀손상,F,"색 변화를 동반하지 않은 동상, 경증",CC,4
귀질환,F,귀손상,F,봉합이 필요한 열상,CD,4
귀질환,F,귀손상,F,봉합이 불필요한 열상/찰과상,CE,5
"이비인후과-입,인후,경부",G,치아/잇몸문제,A,급성 중증 통증(8-10),BA,2
"이비인후과-입,인후,경부",G,치아/잇몸문제,A,출혈성 질환(중등도나 경증의 출혈),BB,3
"이비인후과-입,인후,경부",G,치아/잇몸문제,A,급성 중등도 통증(4-7),BC,3
"이비인후과-입,인후,경부",G,치아/잇몸문제,A,만성 중증 통증(8-10),BD,3
"이비인후과-입,인후,경부",G,치아/잇몸문제,A,급성 경증 통증(<4),BE,4
"이비인후과-입,인후,경부",G,치아/잇몸문제,A,만성 중등도 통증(4-7),BF,4
"이비인후과-입,인후,경부",G,치아/잇몸문제,A,만성 경증 통증(<4),BG,5
"이비인후과-입,인후,경부",G,치아/잇몸문제,A,치아박리(최근 발생하였으며 온전한  치아가 존재),CA,2
"이비인후과-입,인후,경부",G,치아/잇몸문제,A,활력징후가 정상이며 기저 질환이 없는  잇몸출혈,CB,4
"이비인후과-입,인후,경부",G,치아/잇몸문제,A,"치아/잇몸문제, 경증문제",CC,5
"이비인후과-입,인후,경부",G,안면외상,B,중증 호흡곤란,AA,1
"이비인후과-입,인후,경부",G,안면외상,B,쇼크,AB,1
"이비인후과-입,인후,경부",G,안면외상,B,무의식(GCS 3-8),AC,1
"이비인후과-입,인후,경부",G,안면외상,B,중등도 호흡곤란,AD,2
"이비인후과-입,인후,경부",G,안면외상,B,혈역학적 장애,AE,2
"이비인후과-입,인후,경부",G,안면외상,B,의식변화(GCS 9-13),AF,2
"이비인후과-입,인후,경부",G,안면외상,B,"열,면역억제 상태",AG,2
"이비인후과-입,인후,경부",G,안면외상,B,"<3 개월, T<36℃ 또는  ≥38℃",AH,2
"이비인후과-입,인후,경부",G,안면외상,B,"3-36 개월, T<32℃ 또는  ≥38℃, 그리고 아파보임",AI,2
"이비인후과-입,인후,경부",G,안면외상,B,경증 호흡곤란,AJ,3
"이비인후과-입,인후,경부",G,안면외상,B,정상 범위 밖의 활력징후,AK,3
"이비인후과-입,인후,경부",G,안면외상,B,"3-36 개월, T<32-35℃  또는 ≥38℃ 그리고 건강해 보임",AL,3
"이비인후과-입,인후,경부",G,안면외상,B,">36 개월, T≥38℃, 그리고  아파 보임",AM,3
"이비인후과-입,인후,경부",G,안면외상,B,">36 개월, T≥38℃, 그리고  건강해 보임",AN,4
"이비인후과-입,인후,경부",G,안면외상,B,고위험성 사고기전,BA,2
"이비인후과-입,인후,경부",G,안면외상,B,급성 중증 통증(8-10),BB,2
"이비인후과-입,인후,경부",G,안면외상,B,출혈성 질환(중등도나 경증의 출혈),BC,3
"이비인후과-입,인후,경부",G,안면외상,B,급성 중등도 통증(4-7),BD,3
"이비인후과-입,인후,경부",G,안면외상,B,급성 경증 통증(<4),BE,4
"이비인후과-입,인후,경부",G,인후통,C,중증 호흡곤란,AA,1
"이비인후과-입,인후,경부",G,인후통,C,쇼크,AB,1
"이비인후과-입,인후,경부",G,인후통,C,무의식(GCS 3-8),AC,1
"이비인후과-입,인후,경부",G,인후통,C,중등도 호흡곤란,AD,2
"이비인후과-입,인후,경부",G,인후통,C,혈역학적 장애,AE,2
"이비인후과-입,인후,경부",G,인후통,C,의식변화(GCS 9-13),AF,2
"이비인후과-입,인후,경부",G,인후통,C,"열,면역억제 상태",AG,2
"이비인후과-입,인후,경부",G,인후통,C,"<3 개월, T<36℃ 또는  ≥38℃",AH,2
"이비인후과-입,인후,경부",G,인후통,C,"3-36 개월, T<32℃ 또는  ≥38℃, 그리고 아파보임",AI,2
"이비인후과-입,인후,경부",G,인후통,C,경증 호흡곤란,AJ,3
"이비인후과-입,인후,경부",G,인후통,C,정상 범위 밖의 활력징후,AK,3
"이비인후과-입,인후,경부",G,인후통,C,"3-36 개월, T<32-35℃  또는 ≥38℃ 그리고 건강해 보임",AL,3
"이비인후과-입,인후,경부",G,인후통,C,">36 개월, T≥38℃, 그리고  아파 보임",AM,3
"이비인후과-입,인후,경부",G,인후통,C,">36 개월, T≥38℃, 그리고  건강해 보임",AN,4
"이비인후과-입,인후,경부",G,인후통,C,급성 중증 통증(8-10),BA,2
"이비인후과-입,인후,경부",G,인후통,C,급성 중등도 통증(4-7),BB,3
"이비인후과-입,인후,경부",G,인후통,C,만성 중증 통증(8-10),BC,3
"이비인후과-입,인후,경부",G,인후통,C,급성 경증 통증(<4),BD,4
"이비인후과-입,인후,경부",G,인후통,C,만성 중등도 통증(4-7),BE,4
"이비인후과-입,인후,경부",G,인후통,C,만성 경증 통증(<4),BF,5
"이비인후과-입,인후,경부",G,인후통,C,침흘림 또는 협착음,CA,2
"이비인후과-입,인후,경부",G,인후통,C,"입술, 혀, 입인두의 명백한 부종/부기",CB,2
"이비인후과-입,인후,경부",G,인후통,C,연하장애,CC,3
"이비인후과-입,인후,경부",G,인후통,C,경증 인후통 ± 후두염,CD,5
"이비인후과-입,인후,경부",G,경부 부종/통증,D,중증 호흡곤란,AA,1
"이비인후과-입,인후,경부",G,경부 부종/통증,D,쇼크,AB,1
"이비인후과-입,인후,경부",G,경부 부종/통증,D,무의식(GCS 3-8),AC,1
"이비인후과-입,인후,경부",G,경부 부종/통증,D,중등도 호흡곤란,AD,2
"이비인후과-입,인후,경부",G,경부 부종/통증,D,혈역학적 장애,AE,2
"이비인후과-입,인후,경부",G,경부 부종/통증,D,의식변화(GCS 9-13),AF,2
"이비인후과-입,인후,경부",G,경부 부종/통증,D,"열,면역억제 상태",AG,2
"이비인후과-입,인후,경부",G,경부 부종/통증,D,"<3 개월, T<36℃ 또는  ≥38℃",AH,2
"이비인후과-입,인후,경부",G,경부 부종/통증,D,"3-36 개월, T<32℃ 또는  ≥38℃, 그리고 아파보임",AI,2
"이비인후과-입,인후,경부",G,경부 부종/통증,D,경증 호흡곤란,AJ,3
"이비인후과-입,인후,경부",G,경부 부종/통증,D,정상 범위 밖의 활력징후,AK,3
"이비인후과-입,인후,경부",G,경부 부종/통증,D,"3-36 개월, T<32-35℃  또는 ≥38℃ 그리고 건강해 보임",AL,3
"이비인후과-입,인후,경부",G,경부 부종/통증,D,">36 개월, T≥38℃, 그리고  아파 보임",AM,3
"이비인후과-입,인후,경부",G,경부 부종/통증,D,">36 개월, T≥38℃, 그리고  건강해 보임",AN,4
"이비인후과-입,인후,경부",G,경부 부종/통증,D,급성 중증 통증(8-10),BA,2
"이비인후과-입,인후,경부",G,경부 부종/통증,D,급성 중등도 통증(4-7),BB,3
"이비인후과-입,인후,경부",G,경부 부종/통증,D,만성 중증 통증(8-10),BC,3
"이비인후과-입,인후,경부",G,경부 부종/통증,D,급성 경증 통증(<4),BD,4
"이비인후과-입,인후,경부",G,경부 부종/통증,D,만성 중등도 통증(4-7),BE,4
"이비인후과-입,인후,경부",G,경부 부종/통증,D,만성 경증 통증(<4),BF,5
"이비인후과-입,인후,경부",G,경부 부종/통증,D,경부강직/ 수막자극증 ±열,CA,2
"이비인후과-입,인후,경부",G,경부외상,E,중증 호흡곤란,AA,1
"이비인후과-입,인후,경부",G,경부외상,E,쇼크,AB,1
"이비인후과-입,인후,경부",G,경부외상,E,무의식(GCS 3-8),AC,1
"이비인후과-입,인후,경부",G,경부외상,E,중등도 호흡곤란,AD,2
"이비인후과-입,인후,경부",G,경부외상,E,혈역학적 장애,AE,2
"이비인후과-입,인후,경부",G,경부외상,E,의식변화(GCS 9-13),AF,2
"이비인후과-입,인후,경부",G,경부외상,E,"열,면역억제 상태",AG,2
"이비인후과-입,인후,경부",G,경부외상,E,"<3 개월, T<36℃ 또는  ≥38℃",AH,2
"이비인후과-입,인후,경부",G,경부외상,E,"3-36 개월, T<32℃ 또는  ≥38℃, 그리고 아파보임",AI,2
"이비인후과-입,인후,경부",G,경부외상,E,경증 호흡곤란,AJ,3
"이비인후과-입,인후,경부",G,경부외상,E,정상 범위 밖의 활력징후,AK,3
"이비인후과-입,인후,경부",G,경부외상,E,"3-36 개월, T<32-35℃  또는 ≥38℃ 그리고 건강해 보임",AL,3
"이비인후과-입,인후,경부",G,경부외상,E,">36 개월, T≥38℃, 그리고  아파 보임",AM,3
"이비인후과-입,인후,경부",G,경부외상,E,">36 개월, T≥38℃, 그리고  건강해 보임",AN,4
"이비인후과-입,인후,경부",G,경부외상,E,급성 중증 통증(8-10),BA,2
"이비인후과-입,인후,경부",G,경부외상,E,출혈성 질환(생명이나 사지에 위급한  출혈),BB,2
"이비인후과-입,인후,경부",G,경부외상,E,고위험성 사고기전,BC,2
"이비인후과-입,인후,경부",G,경부외상,E,급성 중등도 통증(4-7),BD,3
"이비인후과-입,인후,경부",G,경부외상,E,출혈성 질환(중등도나 경증의 출혈),BE,3
"이비인후과-입,인후,경부",G,경부외상,E,급성 경증 통증(<4),BF,4
"이비인후과-입,인후,경부",G,경부외상,E,"이상감각, 신경 징후",CA,2
"이비인후과-입,인후,경부",G,경부외상,E,목 쉰소리와 언어장애,CB,2
"이비인후과-입,인후,경부",G,연하장애/연하곤란,F,중증 호흡곤란,AA,1
"이비인후과-입,인후,경부",G,연하장애/연하곤란,F,쇼크,AB,1
"이비인후과-입,인후,경부",G,연하장애/연하곤란,F,무의식(GCS 3-8),AC,1
"이비인후과-입,인후,경부",G,연하장애/연하곤란,F,중등도 호흡곤란,AD,2
"이비인후과-입,인후,경부",G,연하장애/연하곤란,F,혈역학적 장애,AE,2
"이비인후과-입,인후,경부",G,연하장애/연하곤란,F,의식변화(GCS 9-13),AF,2
"이비인후과-입,인후,경부",G,연하장애/연하곤란,F,"열,면역억제 상태",AG,2
"이비인후과-입,인후,경부",G,연하장애/연하곤란,F,"<3 개월, T<36℃ 또는  ≥38℃",AH,2
"이비인후과-입,인후,경부",G,연하장애/연하곤란,F,"3-36 개월, T<32℃ 또는  ≥38℃, 그리고 아파보임",AI,2
"이비인후과-입,인후,경부",G,연하장애/연하곤란,F,경증 호흡곤란,AJ,3
"이비인후과-입,인후,경부",G,연하장애/연하곤란,F,정상 범위 밖의 활력징후,AK,3
"이비인후과-입,인후,경부",G,연하장애/연하곤란,F,"3-36 개월, T<32-35℃  또는 ≥38℃ 그리고 건강해 보임",AL,3
"이비인후과-입,인후,경부",G,연하장애/연하곤란,F,">36 개월, T≥38℃, 그리고  아파 보임",AM,3
"이비인후과-입,인후,경부",G,연하장애/연하곤란,F,급성 중증 통증(8-10),BA,2
"이비인후과-입,인후,경부",G,연하장애/연하곤란,F,급성 중등도 통증(4-7),BB,3
"이비인후과-입,인후,경부",G,연하장애/연하곤란,F,침흘림 또는 협착음,CA,2
"이비인후과-입,인후,경부",G,연하장애/연하곤란,F,이물질의 가능성,CB,3
"이비인후과-입,인후,경부",G,안면통증(비-외상성/비-치아성),G,중등도 호흡곤란,AA,2
"이비인후과-입,인후,경부",G,안면통증(비-외상성/비-치아성),G,혈역학적 장애,AB,2
"이비인후과-입,인후,경부",G,안면통증(비-외상성/비-치아성),G,의식변화(GCS 9-13),AC,2
"이비인후과-입,인후,경부",G,안면통증(비-외상성/비-치아성),G,"열,면역억제 상태",AD,2
"이비인후과-입,인후,경부",G,안면통증(비-외상성/비-치아성),G,"<3 개월, T<36℃ 또는  ≥38℃",AE,2
"이비인후과-입,인후,경부",G,안면통증(비-외상성/비-치아성),G,"3-36 개월, T<32℃ 또는  ≥38℃, 그리고 아파보임",AF,2
"이비인후과-입,인후,경부",G,안면통증(비-외상성/비-치아성),G,경증 호흡곤란,AG,3
"이비인후과-입,인후,경부",G,안면통증(비-외상성/비-치아성),G,정상 범위 밖의 활력징후,AH,3
"이비인후과-입,인후,경부",G,안면통증(비-외상성/비-치아성),G,"3-36 개월, T<32-35℃  또는 ≥38℃ 그리고 건강해 보임",AI,3
"이비인후과-입,인후,경부",G,안면통증(비-외상성/비-치아성),G,">36 개월, T≥38℃, 그리고  아파 보임",AJ,3
"이비인후과-입,인후,경부",G,안면통증(비-외상성/비-치아성),G,">36 개월, T≥38℃, 그리고  건강해 보임",AK,4
"이비인후과-입,인후,경부",G,안면통증(비-외상성/비-치아성),G,급성 중증 통증(8-10),BA,2
"이비인후과-입,인후,경부",G,안면통증(비-외상성/비-치아성),G,급성 중등도 통증(4-7),BB,3
"이비인후과-입,인후,경부",G,안면통증(비-외상성/비-치아성),G,만성 중증 통증(8-10),BC,3
"이비인후과-입,인후,경부",G,안면통증(비-외상성/비-치아성),G,급성 경증 통증(<4),BD,4
"이비인후과-입,인후,경부",G,안면통증(비-외상성/비-치아성),G,만성 중등도 통증(4-7),BE,4
"이비인후과-입,인후,경부",G,안면통증(비-외상성/비-치아성),G,만성 경증 통증(<4),BF,5
호흡기,H,숨참,A,중증 호흡곤란,AA,1
호흡기,H,숨참,A,쇼크,AB,1
호흡기,H,숨참,A,무의식(GCS 3-8),AC,1
호흡기,H,숨참,A,중등도 호흡곤란,AD,2
호흡기,H,숨참,A,혈역학적 장애,AE,2
호흡기,H,숨참,A,의식변화(GCS 9-13),AF,2
호흡기,H,숨참,A,"열,면역억제 상태",AG,2
호흡기,H,숨참,A,"<3 개월, T<36℃ 또는  ≥38℃",AH,2
호흡기,H,숨참,A,"3-36 개월, T<32℃ 또는  ≥38℃, 그리고 아파보임",AI,2
호흡기,H,숨참,A,경증 호흡곤란,AJ,3
호흡기,H,숨참,A,정상 범위 밖의 활력징후,AK,3
호흡기,H,숨참,A,"3-36 개월, T<32-35℃  또는 ≥38℃ 그리고 건강해 보임",AL,3
호흡기,H,숨참,A,">36 개월, T≥38℃, 그리고  아파 보임",AM,3
호흡기,H,숨참,A,">36 개월, T≥38℃, 그리고  건강해 보임",AN,4
호흡기,H,숨참,A,예측 FEV1 혹은 PEER이  40%미만인 알려진 천식(중증),CA,2
호흡기,H,숨참,A,예측 FEV1 혹은 PEER이  40-60%인 알려진 천식(중등도),CB,3
호흡기,H,숨참,A,예측 FEV1 혹은 PEER이  60%이상인 알려진 천식(경증),CC,4
호흡기,H,숨참,A,"숨참, 호흡곤란 없음",CD,4
호흡기,H,호흡정지,B,호흡정지,CA,1
호흡기,H,과다호흡증후군,C,중증 호흡곤란,AA,1
호흡기,H,과다호흡증후군,C,쇼크,AB,1
호흡기,H,과다호흡증후군,C,무의식(GCS 3-8),AC,1
호흡기,H,과다호흡증후군,C,중등도 호흡곤란,AD,2
호흡기,H,과다호흡증후군,C,혈역학적 장애,AE,2
호흡기,H,과다호흡증후군,C,의식변화(GCS 9-13),AF,2
호흡기,H,과다호흡증후군,C,"열,면역억제 상태",AG,2
호흡기,H,과다호흡증후군,C,"<3 개월, T<36℃ 또는  ≥38℃",AH,2
호흡기,H,과다호흡증후군,C,"3-36 개월, T<32℃ 또는  ≥38℃, 그리고 아파보임",AI,2
호흡기,H,과다호흡증후군,C,경증 호흡곤란,AJ,3
호흡기,H,과다호흡증후군,C,정상 범위 밖의 활력징후,AK,3
호흡기,H,과다호흡증후군,C,"3-36 개월, T<32-35℃  또는 ≥38℃ 그리고 건강해 보임",AL,3
호흡기,H,과다호흡증후군,C,">36 개월, T≥38℃, 그리고  아파 보임",AM,3
호흡기,H,과다호흡증후군,C,">36 개월, T≥38℃, 그리고  건강해 보임",AN,4
호흡기,H,과다호흡증후군,C,"회복된 과다호흡증후군, 건강해보임",CA,4
호흡기,H,객혈,D,중증 호흡곤란,AA,1
호흡기,H,객혈,D,쇼크,AB,1
호흡기,H,객혈,D,무의식(GCS 3-8),AC,1
호흡기,H,객혈,D,중등도 호흡곤란,AD,2
호흡기,H,객혈,D,혈역학적 장애,AE,2
호흡기,H,객혈,D,의식변화(GCS 9-13),AF,2
호흡기,H,객혈,D,"열,면역억제 상태",AG,2
호흡기,H,객혈,D,"<3 개월, T<36℃ 또는  ≥38℃",AH,2
호흡기,H,객혈,D,"3-36 개월, T<32℃ 또는  ≥38℃, 그리고 아파보임",AI,2
호흡기,H,객혈,D,경증 호흡곤란,AJ,3
호흡기,H,객혈,D,정상 범위 밖의 활력징후,AK,3
호흡기,H,객혈,D,"3-36 개월, T<32-35℃  또는 ≥38℃ 그리고 건강해 보임",AL,3
호흡기,H,객혈,D,">36 개월, T≥38℃, 그리고  아파 보임",AM,3
호흡기,H,객혈,D,">36 개월, T≥38℃, 그리고  건강해 보임",AN,4
호흡기,H,객혈,D,출혈성 질환(생명이나 사지에 위급한  출혈),BA,2
호흡기,H,객혈,D,출혈성 질환(중등도나 경증의 출혈),BB,3
호흡기,H,객혈,D,"객혈, 건강해보임",CA,4
호흡기,H,기침/코막힘,E,중등도 호흡곤란,AA,2
호흡기,H,기침/코막힘,E,혈역학적 장애,AB,2
호흡기,H,기침/코막힘,E,의식변화(GCS 9-13),AC,2
호흡기,H,기침/코막힘,E,"열,면역억제 상태",AD,2
호흡기,H,기침/코막힘,E,"<3 개월, T<36℃ 또는  ≥38℃",AE,2
호흡기,H,기침/코막힘,E,"3-36 개월, T<32℃ 또는  ≥38℃, 그리고 아파보임",AF,2
호흡기,H,기침/코막힘,E,경증 호흡곤란,AG,3
호흡기,H,기침/코막힘,E,정상 범위 밖의 활력징후,AH,3
호흡기,H,기침/코막힘,E,"3-36 개월, T<32-35℃  또는 ≥38℃ 그리고 건강해 보임",AI,3
호흡기,H,기침/코막힘,E,">36 개월, T≥38℃, 그리고  아파 보임",AJ,3
호흡기,H,기침/코막힘,E,">36 개월, T≥38℃, 그리고  건강해 보임",AK,4
호흡기,H,기침/코막힘,E,"만성기침/코막힘, 정상 활력징후",CA,5
호흡기,H,호흡기 이물질,F,중증 호흡곤란,AA,1
호흡기,H,호흡기 이물질,F,쇼크,AB,1
호흡기,H,호흡기 이물질,F,무의식(GCS 3-8),AC,1
호흡기,H,호흡기 이물질,F,중등도 호흡곤란,AD,2
호흡기,H,호흡기 이물질,F,혈역학적 장애,AE,2
호흡기,H,호흡기 이물질,F,의식변화(GCS 9-13),AF,2
호흡기,H,호흡기 이물질,F,"열,면역억제 상태",AG,2
호흡기,H,호흡기 이물질,F,"<3 개월, T<36℃ 또는  ≥38℃",AH,2
호흡기,H,호흡기 이물질,F,"3-36 개월, T<32℃ 또는  ≥38℃, 그리고 아파보임",AI,2
호흡기,H,호흡기 이물질,F,경증 호흡곤란,AJ,3
호흡기,H,호흡기 이물질,F,정상 범위 밖의 활력징후,AK,3
호흡기,H,호흡기 이물질,F,"3-36 개월, T<32-35℃  또는 ≥38℃ 그리고 건강해 보임",AL,3
호흡기,H,호흡기 이물질,F,">36 개월, T≥38℃, 그리고  아파 보임",AM,3
호흡기,H,호흡기 이물질,F,">36 개월, T≥38℃, 그리고  건강해 보임",AN,4
호흡기,H,호흡기 이물질,F,급성 중증 통증(8-10),BA,2
호흡기,H,호흡기 이물질,F,급성 중등도 통증(4-7),BB,3
호흡기,H,호흡기 이물질,F,급성 경증 통증(<4),BC,4
호흡기,H,호흡기 이물질,F,침흘림 또는 협착음,CA,2
호흡기,H,호흡기 이물질,F,목쉰소리와 언어장애,CB,2
호흡기,H,호흡기 이물질,F,호흡곤란 없는 연하장애,CC,3
호흡기,H,호흡기 이물질,F,"호흡기 이물질, 경증통증, 호흡곤란  없음",CD,4
호흡기,H,알레르기 반응,G,중증 호흡곤란,AA,1
호흡기,H,알레르기 반응,G,쇼크,AB,1
호흡기,H,알레르기 반응,G,무의식(GCS 3-8),AC,1
호흡기,H,알레르기 반응,G,중등도 호흡곤란,AD,2
호흡기,H,알레르기 반응,G,혈역학적 장애,AE,2
호흡기,H,알레르기 반응,G,의식변화(GCS 9-13),AF,2
호흡기,H,알레르기 반응,G,"열,면역억제 상태",AG,2
호흡기,H,알레르기 반응,G,"<3 개월, T<36℃ 또는  ≥38℃",AH,2
호흡기,H,알레르기 반응,G,"3-36 개월, T<32℃ 또는  ≥38℃, 그리고 아파보임",AI,2
호흡기,H,알레르기 반응,G,경증 호흡곤란,AJ,3
호흡기,H,알레르기 반응,G,정상 범위 밖의 활력징후,AK,3
호흡기,H,알레르기 반응,G,"3-36 개월, T<32-35℃  또는 ≥38℃ 그리고 건강해 보임",AL,3
호흡기,H,알레르기 반응,G,">36 개월, T≥38℃, 그리고  아파 보임",AM,3
호흡기,H,알레르기 반응,G,">36 개월, T≥38℃, 그리고  건강해 보임",AN,4
호흡기,H,알레르기 반응,G,급성 중증 통증(8-10),BA,2
호흡기,H,알레르기 반응,G,급성 중등도 통증(4-7),BB,3
호흡기,H,알레르기 반응,G,급성 경증 통증(<4),BC,4
호흡기,H,알레르기 반응,G,중증 반응의 기왕력,CA,2
호흡기,H,알레르기 반응,G,코 막힘을 동반한 건초열,CB,5
호흡기,H,협착음,H,중증 호흡곤란,AA,1
호흡기,H,협착음,H,쇼크,AB,1
호흡기,H,협착음,H,무의식(GCS 3-8),AC,1
호흡기,H,협착음,H,중등도 호흡곤란,AD,2
호흡기,H,협착음,H,혈역학적 장애,AE,2
호흡기,H,협착음,H,의식변화(GCS 9-13),AF,2
호흡기,H,협착음,H,"열,면역억제 상태",AG,2
호흡기,H,협착음,H,"<3 개월,  T<36℃ 또는 ≥38℃",AH,2
호흡기,H,협착음,H,"3-36 개월, T<32℃ 또는  ≥38℃, 그리고 아파보임",AI,2
호흡기,H,협착음,H,경증 호흡곤란,AJ,3
호흡기,H,협착음,H,정상 범위 밖의 활력징후,AK,3
호흡기,H,협착음,H,"3-36 개월, T<32-35℃  또는 ≥38℃ 그리고 건강해 보임",AL,3
호흡기,H,협착음,H,">36 개월, T≥38℃, 그리고  아파 보임",AM,3
호흡기,H,협착음,H,기도장애,CA,1
호흡기,H,협착음,H,현저한 협착음이 들림,CB,2
호흡기,H,협착음,H,협착음이 청진됨,CC,3
호흡기,H,영아의 무호흡 발작,J,중증 호흡곤란,AA,1
호흡기,H,영아의 무호흡 발작,J,쇼크,AB,1
호흡기,H,영아의 무호흡 발작,J,무의식(GCS 3-8),AC,1
호흡기,H,영아의 무호흡 발작,J,중등도 호흡곤란,AD,2
호흡기,H,영아의 무호흡 발작,J,혈역학적 장애,AE,2
호흡기,H,영아의 무호흡 발작,J,의식변화(GCS 9-13),AF,2
호흡기,H,영아의 무호흡 발작,J,"열,면역억제 상태",AG,2
호흡기,H,영아의 무호흡 발작,J,"<3 개월, T<36℃ 또는  ≥38℃",AH,2
호흡기,H,영아의 무호흡 발작,J,"3-36 개월, T<32℃ 또는  ≥38℃, 그리고 아파보임",AI,2
호흡기,H,영아의 무호흡 발작,J,경증 호흡곤란,AJ,3
호흡기,H,영아의 무호흡 발작,J,정상 범위 밖의 활력징후,AK,3
호흡기,H,영아의 무호흡 발작,J,"3-36 개월, T<32-35℃  또는 ≥38℃ 그리고 건강해 보임",AL,3
호흡기,H,영아의 무호흡 발작,J,내원 시 무호흡 발생,CA,1
호흡기,H,영아의 무호흡 발작,J,영아 <7일 미만,CB,2
호흡기,H,영아의 무호흡 발작,J,최근의발작이무호흡또는호흡장애와일치한다. ,CC,2
호흡기,H,영아의 무호흡 발작,J,무호흡증과 발작이 일치하는 과거력,CD,3
호흡기,H,천명음-다른 증상 호소 없음,K,중증 호흡곤란,AA,1
호흡기,H,천명음-다른 증상 호소 없음,K,쇼크,AB,1
호흡기,H,천명음-다른 증상 호소 없음,K,무의식(GCS 3-8),AC,1
호흡기,H,천명음-다른 증상 호소 없음,K,중등도 호흡곤란,AD,2
호흡기,H,천명음-다른 증상 호소 없음,K,혈역학적 장애,AE,2
호흡기,H,천명음-다른 증상 호소 없음,K,의식변화(GCS 9-13),AF,2
호흡기,H,천명음-다른 증상 호소 없음,K,"열,면역억제 상태",AG,2
호흡기,H,천명음-다른 증상 호소 없음,K,"<3 개월, T<36℃ 또는  ≥38℃",AH,2
호흡기,H,천명음-다른 증상 호소 없음,K,"3-36 개월, T<32℃ 또는  ≥38℃, 그리고 아파보임",AI,2
호흡기,H,천명음-다른 증상 호소 없음,K,경증 호흡곤란,AJ,3
호흡기,H,천명음-다른 증상 호소 없음,K,정상 범위 밖의 활력징후,AK,3
호흡기,H,천명음-다른 증상 호소 없음,K,"3-36 개월, T<32-35℃  또는 ≥38℃ 그리고 건강해 보임",AL,3
호흡기,H,천명음-다른 증상 호소 없음,K,">36 개월, T≥38℃, 그리고  아파 보임",AM,3
호흡기,H,천명음-다른 증상 호소 없음,K,천명음 - 기타 증상 호소,CA,3
심혈관,I,심정지(비-외상성),A,심정지(비외상성),CA,1
심혈관,I,심정지(외상성),B,심정지(외상성),CA,1
심혈관,I,흉통(심인성),C,중증 호흡곤란,AA,1
심혈관,I,흉통(심인성),C,쇼크,AB,1
심혈관,I,흉통(심인성),C,무의식(GCS 3-8),AC,1
심혈관,I,흉통(심인성),C,중등도 호흡곤란,AD,2
심혈관,I,흉통(심인성),C,혈역학적 장애,AE,2
심혈관,I,흉통(심인성),C,의식변화(GCS 9-13),AF,2
심혈관,I,흉통(심인성),C,"열,면역억제 상태",AG,2
심혈관,I,흉통(심인성),C,"<3 개월, T<36℃ 또는  ≥38℃",AH,2
심혈관,I,흉통(심인성),C,"3-36 개월, T<32℃ 또는  ≥38℃, 그리고 아파보임",AI,2
심혈관,I,흉통(심인성),C,급성 중증 통증(8-10),BA,2
심혈관,I,흉통(심인성),C,심인성 흉통,CA,2
심혈관,I,흉통(비 심인성),D,중증 호흡곤란,AA,1
심혈관,I,흉통(비 심인성),D,쇼크,AB,1
심혈관,I,흉통(비 심인성),D,무의식(GCS 3-8),AC,1
심혈관,I,흉통(비 심인성),D,중등도 호흡곤란,AD,2
심혈관,I,흉통(비 심인성),D,혈역학적 장애,AE,2
심혈관,I,흉통(비 심인성),D,의식변화(GCS 9-13),AF,2
심혈관,I,흉통(비 심인성),D,"열,면역억제 상태",AG,2
심혈관,I,흉통(비 심인성),D,"<3 개월, T<36℃ 또는  ≥38℃",AH,2
심혈관,I,흉통(비 심인성),D,"3-36 개월, T<32℃ 또는  ≥38℃, 그리고 아파보임",AI,2
심혈관,I,흉통(비 심인성),D,경증 호흡곤란,AJ,3
심혈관,I,흉통(비 심인성),D,정상범위 밖의 활력징후,AK,3
심혈관,I,흉통(비 심인성),D,"3-36 개월, T<32-35℃  또는 ≥38℃ 그리고 건강해 보임",AL,3
심혈관,I,흉통(비 심인성),D,">36 개월, T≥38℃, 그리고  아파 보임",AM,3
심혈관,I,흉통(비 심인성),D,">36 개월, T≥38℃, 그리고  건강해 보임",AN,4
심혈관,I,흉통(비 심인성),D,급성 중증 통증(8-10),BA,2
심혈관,I,흉통(비 심인성),D,급성 중등도 통증(4-7),BB,3
심혈관,I,흉통(비 심인성),D,만성 중증 통증(8-10),BC,3
심혈관,I,흉통(비 심인성),D,급성 경증 통증(<4),BD,4
심혈관,I,흉통(비 심인성),D,만성 중등도 통증(4-7),BE,4
심혈관,I,흉통(비 심인성),D,만성 경증 통증(<4),BF,5
심혈관,I,흉통(비 심인성),D,"기타 중요한 가슴 통증(잡아째는,  찢어지는 통증)",CA,2
심혈관,I,흉통(비 심인성),D,"가슴통증, 비 심인성",CB,5
심혈관,I,심계항진/불규칙 심장박동,E,중증 호흡곤란,AA,1
심혈관,I,심계항진/불규칙 심장박동,E,쇼크,AB,1
심혈관,I,심계항진/불규칙 심장박동,E,무의식(GCS 3-8),AC,1
심혈관,I,심계항진/불규칙 심장박동,E,중등도 호흡곤란,AD,2
심혈관,I,심계항진/불규칙 심장박동,E,혈역학적 장애,AE,2
심혈관,I,심계항진/불규칙 심장박동,E,의식변화(GCS 9-13),AF,2
심혈관,I,심계항진/불규칙 심장박동,E,"열,면역억제 상태",AG,2
심혈관,I,심계항진/불규칙 심장박동,E,"<3 개월, T<36℃ 또는  ≥38℃",AH,2
심혈관,I,심계항진/불규칙 심장박동,E,"3-36 개월, T<32℃ 또는  ≥38℃, 그리고 아파보임",AI,2
심혈관,I,심계항진/불규칙 심장박동,E,경증 호흡곤란,AJ,3
심혈관,I,심계항진/불규칙 심장박동,E,정상범위 밖의 활력징후,AK,3
심혈관,I,심계항진/불규칙 심장박동,E,"3-36 개월, T<32-35℃  또는 ≥38℃ 그리고 건강해 보임",AL,3
심혈관,I,심계항진/불규칙 심장박동,E,">36 개월, T≥38℃, 그리고  아파 보임",AM,3
심혈관,I,심계항진/불규칙 심장박동,E,심인성 가슴통증,CA,2
심혈관,I,심계항진/불규칙 심장박동,E,치명적일 수 있는 부정맥의 병력이나  의무기록,CB,2
심혈관,I,심계항진/불규칙 심장박동,E,"급성발병, 지속되는 증상",CC,3
심혈관,I,심계항진/불규칙 심장박동,E,"심계항진의 병력, 현재는 회복된 상태",CD,4
심혈관,I,전신쇠약,F,중증 호흡곤란,AA,1
심혈관,I,전신쇠약,F,쇼크,AB,1
심혈관,I,전신쇠약,F,무의식(GCS 3-8),AC,1
심혈관,I,전신쇠약,F,중등도 호흡곤란,AD,2
심혈관,I,전신쇠약,F,혈역학적 장애,AE,2
심혈관,I,전신쇠약,F,의식변화(GCS 9-13),AF,2
심혈관,I,전신쇠약,F,"열,면역억제 상태",AG,2
심혈관,I,전신쇠약,F,"<3 개월, T<36℃ 또는  ≥38℃",AH,2
심혈관,I,전신쇠약,F,"3-36 개월, T<32℃ 또는  ≥38℃, 그리고 아파보임",AI,2
심혈관,I,전신쇠약,F,경증 호흡곤란,AJ,3
심혈관,I,전신쇠약,F,정상 범위 밖의 활력징후,AK,3
심혈관,I,전신쇠약,F,"3-36 개월, T<32-35℃  또는 ≥38℃ 그리고 건강해 보임",AL,3
심혈관,I,전신쇠약,F,">36 개월, T≥38℃, 그리고  아파 보임",AM,3
심혈관,I,전신쇠약,F,">36 개월, T≥38℃, 그리고  건강해 보임",AN,4
심혈관,I,전신쇠약,F,중증 탈수,CA,1
심혈관,I,전신쇠약,F,중등도 탈수,CB,2
심혈관,I,전신쇠약,F,갑자기 보행이 어려움,CC,3
심혈관,I,전신쇠약,F,경증탈수,CD,3
심혈관,I,전신쇠약,F,탈수의 가능성 있음,CE,4
심혈관,I,전신쇠약,F,만성쇠약,CF,4
심혈관,I,실신/전-실신,G,중증 호흡곤란,AA,1
심혈관,I,실신/전-실신,G,쇼크,AB,1
심혈관,I,실신/전-실신,G,무의식(GCS 3-8),AC,1
심혈관,I,실신/전-실신,G,중등도 호흡곤란,AD,2
심혈관,I,실신/전-실신,G,혈역학적 장애,AE,2
심혈관,I,실신/전-실신,G,의식변화(GCS 9-13),AF,2
심혈관,I,실신/전-실신,G,"열,면역억제 상태",AG,2
심혈관,I,실신/전-실신,G,"<3 개월, T<36℃ 또는  ≥38℃",AH,2
심혈관,I,실신/전-실신,G,"3-36 개월, T<32℃ 또는  ≥38℃, 그리고 아파보임",AI,2
심혈관,I,실신/전-실신,G,경증 호흡곤란,AJ,3
심혈관,I,실신/전-실신,G,정상 범위 밖의 활력징후,AK,3
심혈관,I,실신/전-실신,G,"3-36 개월, T<32-35℃  또는 ≥38℃ 그리고 건강해 보임",AL,3
심혈관,I,실신/전-실신,G,">36 개월, T≥38℃, 그리고  아파 보임",AM,3
심혈관,I,실신/전-실신,G,"새로 발병한 부정맥, 불규칙  맥박/맥박수의 변화",CA,2
심혈관,I,실신/전-실신,G,전구증상 없음,CB,2
심혈관,I,실신/전-실신,G,운동 중 발생함,CC,2
심혈관,I,실신/전-실신,G,전구증상 동반 또는 급격한 자세변화 시  발병,CD,3
심혈관,I,실신/전-실신,G,"정상 활력, 증상회복",CE,4
심혈관,I,전신성 부종,H,중증 호흡곤란,AA,1
심혈관,I,전신성 부종,H,쇼크,AB,1
심혈관,I,전신성 부종,H,무의식(GCS 3-8),AC,1
심혈관,I,전신성 부종,H,중등도 호흡곤란,AD,2
심혈관,I,전신성 부종,H,혈역학적 장애,AE,2
심혈관,I,전신성 부종,H,의식변화(GCS 9-13),AF,2
심혈관,I,전신성 부종,H,"열,면역억제 상태",AG,2
심혈관,I,전신성 부종,H,"<3 개월, T<36℃ 또는  ≥38℃",AH,2
심혈관,I,전신성 부종,H,"3-36 개월, T<32℃ 또는  ≥38℃, 그리고 아파보임",AI,2
심혈관,I,전신성 부종,H,경증 호흡곤란,AJ,3
심혈관,I,전신성 부종,H,정상 범위 밖의 활력징후,AK,3
심혈관,I,전신성 부종,H,"3-36 개월, T<32-35℃  또는 ≥38℃ 그리고 건강해 보임",AL,3
심혈관,I,전신성 부종,H,">36 개월, T≥38℃, 그리고  아파 보임",AM,3
심혈관,I,전신성 부종,H,"전신성 부종, 정상 활력",CA,4
심혈관,I,양측성 다리부기/부종,I,중등도 호흡곤란,AA,2
심혈관,I,양측성 다리부기/부종,I,혈역학적 장애,AB,2
심혈관,I,양측성 다리부기/부종,I,의식변화(GCS 9-13),AC,2
심혈관,I,양측성 다리부기/부종,I,"열,면역억제 상태",AD,2
심혈관,I,양측성 다리부기/부종,I,"<3 개월, T<36℃ 또는  ≥38℃",AE,2
심혈관,I,양측성 다리부기/부종,I,"3-36 개월, T<32℃ 또는  ≥38℃, 그리고 아파보임",AF,2
심혈관,I,양측성 다리부기/부종,I,경증 호흡곤란,AG,3
심혈관,I,양측성 다리부기/부종,I,정상 범위 밖의 활력징후,AH,3
심혈관,I,양측성 다리부기/부종,I,"3-36 개월, T<32-35℃  또는 ≥38℃ 그리고 건강해 보임",AI,3
심혈관,I,양측성 다리부기/부종,I,">36 개월, T≥38℃, 그리고  아파 보임",AJ,3
심혈관,I,양측성 다리부기/부종,I,">36 개월, T≥38℃, 그리고  건강해 보임",AK,4
심혈관,I,양측성 다리부기/부종,I,급성 중증 통증(8-10),BA,2
심혈관,I,양측성 다리부기/부종,I,급성 중등도 통증(4-7),BB,3
심혈관,I,양측성 다리부기/부종,I,만성 중증 통증(8-10),BC,3
심혈관,I,양측성 다리부기/부종,I,급성 경증 통증(<4),BD,4
심혈관,I,양측성 다리부기/부종,I,만성 중등도 통증(4-7),BE,4
심혈관,I,양측성 다리부기/부종,I,만성 경증 통증(<4),BF,5
심혈관,I,양측성 다리부기/부종,I,"부종/양측성 다리부기, 만성",CA,5
심혈관,I,사지 말단부위에 맥박이 없고 차가움,J,중증 호흡곤란,AA,1
심혈관,I,사지 말단부위에 맥박이 없고 차가움,J,쇼크,AB,1
심혈관,I,사지 말단부위에 맥박이 없고 차가움,J,무의식(GCS 3-8),AC,1
심혈관,I,사지 말단부위에 맥박이 없고 차가움,J,중등도 호흡곤란,AD,2
심혈관,I,사지 말단부위에 맥박이 없고 차가움,J,혈역학적 장애,AE,2
심혈관,I,사지 말단부위에 맥박이 없고 차가움,J,의식변화(GCS 9-13),AF,2
심혈관,I,사지 말단부위에 맥박이 없고 차가움,J,"열,면역억제 상태",AG,2
심혈관,I,사지 말단부위에 맥박이 없고 차가움,J,"<3 개월, T<36℃ 또는  ≥38℃",AH,2
심혈관,I,사지 말단부위에 맥박이 없고 차가움,J,"3-36 개월, T<32℃ 또는  ≥38℃, 그리고 아파보임",AI,2
심혈관,I,사지 말단부위에 맥박이 없고 차가움,J,사지 말단부위에 맥박이 없고 차가움,CA,2
심혈관,I,일측성의 홍조 띈 뜨거운 사지,K,중등도 호흡곤란,AA,2
심혈관,I,일측성의 홍조 띈 뜨거운 사지,K,혈역학적 장애,AB,2
심혈관,I,일측성의 홍조 띈 뜨거운 사지,K,의식변화(GCS 9-13),AC,2
심혈관,I,일측성의 홍조 띈 뜨거운 사지,K,"열,면역억제 상태",AD,2
심혈관,I,일측성의 홍조 띈 뜨거운 사지,K,"<3 개월, T<36℃ 또는  ≥38℃",AE,2
심혈관,I,일측성의 홍조 띈 뜨거운 사지,K,"3-36 개월, T<32℃ 또는  ≥38℃, 그리고 아파보임",AF,2
심혈관,I,일측성의 홍조 띈 뜨거운 사지,K,경증 호흡곤란,AG,3
심혈관,I,일측성의 홍조 띈 뜨거운 사지,K,정상 범위 밖의 활력징후,AH,3
심혈관,I,일측성의 홍조 띈 뜨거운 사지,K,"3-36 개월, T<32-35℃  또는 ≥38℃ 그리고 건강해 보임",AI,3
심혈관,I,일측성의 홍조 띈 뜨거운 사지,K,">36 개월, T≥38℃, 그리고  아파 보임",AJ,3
심혈관,I,일측성의 홍조 띈 뜨거운 사지,K,">36 개월, T≥38℃, 그리고  건강해 보임",AK,4
심혈관,I,일측성의 홍조 띈 뜨거운 사지,K,급성 중증 통증(8-10),BA,2
심혈관,I,일측성의 홍조 띈 뜨거운 사지,K,급성 중등도 통증(4-7),BB,3
심혈관,I,일측성의 홍조 띈 뜨거운 사지,K,급성 경증 통증(<4),BC,4
심혈관,I,일측성의 홍조 띈 뜨거운 사지,K,광범위한 염증,CA,3
심혈관,I,일측성의 홍조 띈 뜨거운 사지,K,국소성 염증,CB,4
소화기,J,복통,A,중증 호흡곤란,AA,1
소화기,J,복통,A,쇼크,AB,1
소화기,J,복통,A,무의식(GCS 3-8),AC,1
소화기,J,복통,A,중등도 호흡곤란,AD,2
소화기,J,복통,A,혈역학적 장애,AE,2
소화기,J,복통,A,의식변화(GCS 9-13),AF,2
소화기,J,복통,A,"열,면역억제 상태",AG,2
소화기,J,복통,A,"<3 개월, T<36℃ 또는  ≥38℃",AH,2
소화기,J,복통,A,"3-36 개월, T<32℃ 또는  ≥38℃, 그리고 아파보임",AI,2
소화기,J,복통,A,경증 호흡곤란,AJ,3
소화기,J,복통,A,정상 범위 밖의 활력징후,AK,3
소화기,J,복통,A,"3-36 개월, T<32-35℃  또는 ≥38℃ 그리고 건강해 보임",AL,3
소화기,J,복통,A,">36 개월, T≥38℃, 그리고  아파 보임",AM,3
소화기,J,복통,A,">36 개월, T≥38℃, 그리고  건강해 보임",AN,4
소화기,J,복통,A,급성 중증 통증(8-10),BA,2
소화기,J,복통,A,급성 중등도 통증(4-7),BB,3
소화기,J,복통,A,만성 중증 통증(8-10),BC,3
소화기,J,복통,A,급성 경증 통증(<4),BD,4
소화기,J,복통,A,만성 중등도 통증(4-7),BE,4
소화기,J,복통,A,만성 경증 통증(<4),BF,5
소화기,J,식욕부진,B,중등도 호흡곤란,AA,2
소화기,J,식욕부진,B,혈역학적 장애,AB,2
소화기,J,식욕부진,B,의식변화(GCS 9-13),AC,2
소화기,J,식욕부진,B,"열,면역억제 상태",AD,2
소화기,J,식욕부진,B,"<3 개월, T<36℃ 또는  ≥38℃",AE,2
소화기,J,식욕부진,B,"3-36 개월, T<32℃ 또는  ≥38℃, 그리고 아파보임",AF,2
소화기,J,식욕부진,B,경증 호흡곤란,AG,3
소화기,J,식욕부진,B,정상 범위 밖의 활력징후,AH,3
소화기,J,식욕부진,B,"3-36 개월, T<32-35℃  또는 ≥38℃ 그리고 건강해 보임",AI,3
소화기,J,식욕부진,B,">36 개월, T≥38℃, 그리고  아파 보임",AJ,3
소화기,J,식욕부진,B,">36 개월, T≥38℃, 그리고  건강해 보임",AK,4
소화기,J,식욕부진,B,중요한 체중감소,CA,3
소화기,J,식욕부진,B,"식욕부진, 좋아 보임",CB,4
소화기,J,변비,C,중등도 호흡곤란,AA,2
소화기,J,변비,C,혈역학적 장애,AB,2
소화기,J,변비,C,의식변화(GCS 9-13),AC,2
소화기,J,변비,C,"열,면역억제 상태",AD,2
소화기,J,변비,C,"<3 개월, T<36℃ 또는  ≥38℃",AE,2
소화기,J,변비,C,"3-36 개월, T<32℃ 또는  ≥38℃, 그리고 아파보임",AF,2
소화기,J,변비,C,경증 호흡곤란,AG,3
소화기,J,변비,C,정상 범위 밖의 활력징후,AH,3
소화기,J,변비,C,"3-36 개월, T<32-35℃  또는 ≥38℃ 그리고 건강해 보임",AI,3
소화기,J,변비,C,">36 개월, T≥38℃, 그리고  아파 보임",AJ,3
소화기,J,변비,C,">36 개월, T≥38℃, 그리고  건강해 보임",AK,4
소화기,J,변비,C,급성 중증 통증(8-10),BA,2
소화기,J,변비,C,급성 중등도 통증(4-7),BB,3
소화기,J,변비,C,만성 중증 통증(8-10),BC,3
소화기,J,변비,C,급성 경증 통증(<4),BD,4
소화기,J,변비,C,만성 중등도 통증(4-7),BE,4
소화기,J,변비,C,만성 경증 통증(<4),BF,5
소화기,J,변비,C,단순변비,CA,5
소화기,J,직장내 이물질,D,중등도 호흡곤란,AA,2
소화기,J,직장내 이물질,D,혈역학적 장애,AB,2
소화기,J,직장내 이물질,D,의식변화(GCS 9-13),AC,2
소화기,J,직장내 이물질,D,"열,면역억제 상태",AD,2
소화기,J,직장내 이물질,D,"<3 개월, T<36℃ 또는  ≥38℃",AE,2
소화기,J,직장내 이물질,D,"3-36 개월, T<32℃ 또는  ≥38℃, 그리고 아파보임",AF,2
소화기,J,직장내 이물질,D,경증 호흡곤란,AG,3
소화기,J,직장내 이물질,D,정상 범위 밖의 활력징후,AH,3
소화기,J,직장내 이물질,D,"3-36 개월, T<32-35℃  또는 ≥38℃ 그리고 건강해 보임",AI,3
소화기,J,직장내 이물질,D,">36 개월, T≥38℃, 그리고  아파 보임",AJ,3
소화기,J,직장내 이물질,D,">36 개월, T≥38℃, 그리고  건강해 보임",AK,4
소화기,J,직장내 이물질,D,급성 중증 통증(8-10),BA,2
소화기,J,직장내 이물질,D,급성 중등도 통증(4-7),BB,3
소화기,J,직장내 이물질,D,급성 경증 통증(<4),BC,4
소화기,J,직장내 이물질,D,직장내 이물질,CA,5
소화기,J,샅고랑부위(Groin)통증/종괴,E,중등도 호흡곤란,AA,2
소화기,J,샅고랑부위(Groin)통증/종괴,E,혈역학적 장애,AB,2
소화기,J,샅고랑부위(Groin)통증/종괴,E,의식변화(GCS 9-13),AC,2
소화기,J,샅고랑부위(Groin)통증/종괴,E,"열,면역억제 상태",AD,2
소화기,J,샅고랑부위(Groin)통증/종괴,E,"<3 개월, T<36℃ 또는  ≥38℃",AE,2
소화기,J,샅고랑부위(Groin)통증/종괴,E,"3-36 개월, T<32℃ 또는  ≥38℃, 그리고 아파보임",AF,2
소화기,J,샅고랑부위(Groin)통증/종괴,E,경증 호흡곤란,AG,3
소화기,J,샅고랑부위(Groin)통증/종괴,E,정상 범위 밖의 활력징후,AH,3
소화기,J,샅고랑부위(Groin)통증/종괴,E,"3-36 개월, T<32-35℃  또는 ≥38℃ 그리고 건강해 보임",AI,3
소화기,J,샅고랑부위(Groin)통증/종괴,E,">36 개월, T≥38℃, 그리고  아파 보임",AJ,3
소화기,J,샅고랑부위(Groin)통증/종괴,E,">36 개월, T≥38℃, 그리고  건강해 보임",AK,4
소화기,J,샅고랑부위(Groin)통증/종괴,E,급성 중증 통증(8-10),BA,2
소화기,J,샅고랑부위(Groin)통증/종괴,E,급성 중등도 통증(4-7),BB,3
소화기,J,샅고랑부위(Groin)통증/종괴,E,만성 중증 통증(8-10),BC,3
소화기,J,샅고랑부위(Groin)통증/종괴,E,급성 경증 통증(<4),BD,4
소화기,J,샅고랑부위(Groin)통증/종괴,E,만성 중등도 통증(4-7),BE,4
소화기,J,샅고랑부위(Groin)통증/종괴,E,만성 경증 통증(<4),BF,5
소화기,J,샅고랑부위(Groin)통증/종괴,E,샅고랑부위(Groin)통증/종괴,CA,5
소화기,J,구토 그리고/ 또는 구역,F,중증 호흡곤란,AA,1
소화기,J,구토 그리고/ 또는 구역,F,쇼크,AB,1
소화기,J,구토 그리고/ 또는 구역,F,무의식(GCS 3-8),AC,1
소화기,J,구토 그리고/ 또는 구역,F,중등도 호흡곤란,AD,2
소화기,J,구토 그리고/ 또는 구역,F,혈역학적 장애,AE,2
소화기,J,구토 그리고/ 또는 구역,F,의식변화(GCS 9-13),AF,2
소화기,J,구토 그리고/ 또는 구역,F,"열,면역억제 상태",AG,2
소화기,J,구토 그리고/ 또는 구역,F,"<3 개월, T<36℃ 또는  ≥38℃",AH,2
소화기,J,구토 그리고/ 또는 구역,F,"3-36 개월, T<32℃ 또는  ≥38℃, 그리고 아파보임",AI,2
소화기,J,구토 그리고/ 또는 구역,F,경증 호흡곤란,AJ,3
소화기,J,구토 그리고/ 또는 구역,F,정상 범위 밖의 활력징후,AK,3
소화기,J,구토 그리고/ 또는 구역,F,"3-36 개월, T<32-35℃  또는 ≥38℃ 그리고 건강해 보임",AL,3
소화기,J,구토 그리고/ 또는 구역,F,">36 개월, T≥38℃, 그리고  아파 보임",AM,3
소화기,J,구토 그리고/ 또는 구역,F,">36 개월, T≥38℃, 그리고  건강해 보임",AN,4
소화기,J,구토 그리고/ 또는 구역,F,중증 탈수,CA,1
소화기,J,구토 그리고/ 또는 구역,F,지속되는 상당량의 토혈,CB,2
소화기,J,구토 그리고/ 또는 구역,F,중등도 탈수,CC,2
소화기,J,구토 그리고/ 또는 구역,F,커피찌꺼기모양 구토/흑색변,CD,3
소화기,J,구토 그리고/ 또는 구역,F,경증탈수,CE,3
소화기,J,구토 그리고/ 또는 구역,F,탈수가 될 수 있음,CF,4
소화기,J,구토 그리고/ 또는 구역,F,"만성구토/구역, 정상활력징후",CG,5
소화기,J,직장/회음부 통증,G,중등도 호흡곤란,AA,2
소화기,J,직장/회음부 통증,G,혈역학적 장애,AB,2
소화기,J,직장/회음부 통증,G,의식변화(GCS 9-13),AC,2
소화기,J,직장/회음부 통증,G,"열,면역억제 상태",AD,2
소화기,J,직장/회음부 통증,G,"<3 개월, T<36℃ 또는  ≥38℃",AE,2
소화기,J,직장/회음부 통증,G,"3-36 개월, T<32℃ 또는  ≥38℃, 그리고 아파보임",AF,2
소화기,J,직장/회음부 통증,G,경증 호흡곤란,AG,3
소화기,J,직장/회음부 통증,G,정상 범위 밖의 활력징후,AH,3
소화기,J,직장/회음부 통증,G,"3-36 개월, T<32-35℃  또는 ≥38℃ 그리고 건강해 보임",AI,3
소화기,J,직장/회음부 통증,G,">36 개월, T≥38℃, 그리고  아파 보임",AJ,3
소화기,J,직장/회음부 통증,G,">36 개월, T≥38℃, 그리고  건강해 보임",AK,4
소화기,J,직장/회음부 통증,G,급성 중증 통증(8-10),BA,2
소화기,J,직장/회음부 통증,G,급성 중등도 통증(4-7),BB,3
소화기,J,직장/회음부 통증,G,만성 중증 통증(8-10),BC,3
소화기,J,직장/회음부 통증,G,급성 경증 통증(<4),BD,4
소화기,J,직장/회음부 통증,G,만성 중등도 통증(4-7),BE,4
소화기,J,직장/회음부 통증,G,만성 경증 통증(<4),BF,5
소화기,J,직장/회음부 통증,G,만성 경증 직장/회음부 통증,CA,5
소화기,J,설사,H,중증 호흡곤란,AA,1
소화기,J,설사,H,쇼크,AB,1
소화기,J,설사,H,무의식(GCS 3-8),AC,1
소화기,J,설사,H,중등도 호흡곤란,AD,2
소화기,J,설사,H,혈역학적 장애,AE,2
소화기,J,설사,H,의식변화(GCS 9-13),AF,2
소화기,J,설사,H,"열,면역억제 상태",AG,2
소화기,J,설사,H,"<3 개월, T<36℃ 또는  ≥38℃",AH,2
소화기,J,설사,H,"3-36 개월, T<32℃ 또는  ≥38℃, 그리고 아파보임",AI,2
소화기,J,설사,H,경증 호흡곤란,AJ,3
소화기,J,설사,H,정상 범위 밖의 활력징후,AK,3
소화기,J,설사,H,"3-36 개월, T<32-35℃  또는 ≥38℃ 그리고 건강해 보임",AL,3
소화기,J,설사,H,">36 개월, T≥38℃, 그리고  아파 보임",AM,3
소화기,J,설사,H,">36 개월, T≥38℃, 그리고  건강해 보임",AN,4
소화기,J,설사,H,중증 탈수,CA,1
소화기,J,설사,H,중등도 탈수,CB,2
소화기,J,설사,H,멈추지 않는 혈성 설사,CC,3
소화기,J,설사,H,경증탈수,CD,3
소화기,J,설사,H,"만성설사, 정상 활력징후",CE,5
소화기,J,토혈,I,중증 호흡곤란,AA,1
소화기,J,토혈,I,쇼크,AB,1
소화기,J,토혈,I,무의식(GCS 3-8),AC,1
소화기,J,토혈,I,중등도 호흡곤란,AD,2
소화기,J,토혈,I,혈역학적 장애,AE,2
소화기,J,토혈,I,의식변화(GCS 9-13),AF,2
소화기,J,토혈,I,"열,면역억제 상태",AG,2
소화기,J,토혈,I,"<3 개월, T<36℃ 또는  ≥38℃",AH,2
소화기,J,토혈,I,"3-36 개월, T<32℃ 또는  ≥38℃, 그리고 아파보임",AI,2
소화기,J,토혈,I,경증 호흡곤란,AJ,3
소화기,J,토혈,I,정상 범위 밖의 활력징후,AK,3
소화기,J,토혈,I,"3-36 개월, T<32-35℃  또는 ≥38℃ 그리고 건강해 보임",AL,3
소화기,J,토혈,I,">36 개월, T≥38℃, 그리고  아파 보임",AM,3
소화기,J,토혈,I,출혈성 질환(생명이나 사지에 위급한  출혈),BA,2
소화기,J,토혈,I,출혈성 질환(중등도나 경도의 출혈),BB,3
소화기,J,토혈,I,두드러진 또는 많은 토혈,CA,2
소화기,J,토혈,I,커피찌꺼기 모양 구토/흑색변,CB,3
소화기,J,토혈,I,"적은양, 정상 활력징후",CC,3
소화기,J,혈변/흑색변,J,중증 호흡곤란,AA,1
소화기,J,혈변/흑색변,J,쇼크,AB,1
소화기,J,혈변/흑색변,J,무의식(GCS 3-8),AC,1
소화기,J,혈변/흑색변,J,중등도 호흡곤란,AD,2
소화기,J,혈변/흑색변,J,혈역학적 장애,AE,2
소화기,J,혈변/흑색변,J,의식변화(GCS 9-13),AF,2
소화기,J,혈변/흑색변,J,"열,면역억제 상태",AG,2
소화기,J,혈변/흑색변,J,"<3 개월, T<36℃ 또는  ≥38℃",AH,2
소화기,J,혈변/흑색변,J,"3-36 개월, T<32℃ 또는  ≥38℃, 그리고 아파보임",AI,2
소화기,J,혈변/흑색변,J,경증 호흡곤란,AJ,3
소화기,J,혈변/흑색변,J,정상 범위 밖의 활력징후,AK,3
소화기,J,혈변/흑색변,J,"3-36 개월, T<32-35℃  또는 ≥38℃ 그리고 건강해 보임",AL,3
소화기,J,혈변/흑색변,J,">36 개월, T≥38℃, 그리고  아파 보임",AM,3
소화기,J,혈변/흑색변,J,">36 개월, T≥38℃, 그리고  건강해 보임",AN,4
소화기,J,혈변/흑색변,J,출혈성 질환(생명이나 사지에 위급한  출혈),BA,2
소화기,J,혈변/흑색변,J,출혈성 질환(중등도나 경증의 출혈),BB,3
소화기,J,혈변/흑색변,J,많은양의 흑색변 또는 직장출혈,CA,2
소화기,J,혈변/흑색변,J,중등도 양의 흑색변 또는 직장출혈,CB,3
소화기,J,혈변/흑색변,J,적은양의 직장출혈,CC,4
소화기,J,황달,K,중등도 호흡곤란,AA,2
소화기,J,황달,K,혈역학적 장애,AB,2
소화기,J,황달,K,의식변화(GCS 9-13),AC,2
소화기,J,황달,K,"열,면역억제 상태",AD,2
소화기,J,황달,K,"<3 개월, T<36℃ 또는  ≥38℃",AE,2
소화기,J,황달,K,"3-36 개월, T<32℃ 또는  ≥38℃, 그리고 아파보임",AF,2
소화기,J,황달,K,경증 호흡곤란,AG,3
소화기,J,황달,K,정상 범위 밖의 활력징후,AH,3
소화기,J,황달,K,"3-36 개월, T<32-35℃  또는 ≥38℃ 그리고 건강해 보임",AI,3
소화기,J,황달,K,">36 개월, T≥38℃, 그리고  아파 보임",AJ,3
소화기,J,황달,K,">36 개월, T≥38℃, 그리고  건강해 보임",AK,4
소화기,J,황달,K,급성 중증 통증(8-10),BA,2
소화기,J,황달,K,급성 중등도 통증(4-7),BB,3
소화기,J,황달,K,만성 중증 통증(8-10),BC,3
소화기,J,황달,K,급성 경증 통증(<4),BD,4
소화기,J,황달,K,만성 중등도 통증(4-7),BE,4
소화기,J,황달,K,만성 경증 통증(<4),BF,5
소화기,J,황달,K,"황달, 건강해보임",CA,5
소화기,J,딸꾹질,L,"열,면역억제 상태",AA,2
소화기,J,딸꾹질,L,"<3 개월, T<36℃ 또는  ≥38℃",AB,2
소화기,J,딸꾹질,L,"3-36 개월, T<32℃ 또는  ≥38℃, 그리고 아파보임",AC,2
소화기,J,딸꾹질,L,"3-36 개월, T<32-35℃  또는 ≥38℃ 그리고 건강해 보임",AD,3
소화기,J,딸꾹질,L,">36 개월, T≥38℃, 그리고  아파 보임",AE,3
소화기,J,딸꾹질,L,">36 개월, T≥38℃, 그리고  건강해 보임",AF,4
소화기,J,딸꾹질,L,급성 중증 통증(8-10),BA,2
소화기,J,딸꾹질,L,급성 중등도 통증(4-7),BB,3
소화기,J,딸꾹질,L,급성 경증 통증(<4),BC,4
소화기,J,딸꾹질,L,"딸국질, 만성, 힘들어 보이지 않음",CA,4
소화기,J,복부종괴/팽만,M,중증 호흡곤란,AA,1
소화기,J,복부종괴/팽만,M,쇼크,AB,1
소화기,J,복부종괴/팽만,M,무의식(GCS 3-8),AC,1
소화기,J,복부종괴/팽만,M,중등도 호흡곤란,AD,2
소화기,J,복부종괴/팽만,M,혈역학적 장애,AE,2
소화기,J,복부종괴/팽만,M,의식변화(GCS 9-13),AF,2
소화기,J,복부종괴/팽만,M,"열,면역억제 상태",AG,2
소화기,J,복부종괴/팽만,M,"<3 개월, T<36℃ 또는  ≥38℃",AH,2
소화기,J,복부종괴/팽만,M,"3-36 개월, T<32℃ 또는  ≥38℃, 그리고 아파보임",AI,2
소화기,J,복부종괴/팽만,M,경증 호흡곤란,AJ,3
소화기,J,복부종괴/팽만,M,정상 범위 밖의 활력징후,AK,3
소화기,J,복부종괴/팽만,M,"3-36 개월, T<32-35℃  또는 ≥38℃ 그리고 건강해 보임",AL,3
소화기,J,복부종괴/팽만,M,">36 개월, T≥38℃, 그리고  아파 보임",AM,3
소화기,J,복부종괴/팽만,M,">36 개월, T≥38℃, 그리고  건강해 보임",AN,4
소화기,J,복부종괴/팽만,M,급성 중증 통증(8-10),BA,2
소화기,J,복부종괴/팽만,M,급성 중등도 통증(4-7),BB,3
소화기,J,복부종괴/팽만,M,만성 중증 통증(8-10),BC,3
소화기,J,복부종괴/팽만,M,급성 경증 통증(<4),BD,4
소화기,J,복부종괴/팽만,M,만성 중등도 통증(4-7),BE,4
소화기,J,복부종괴/팽만,M,만성 경증 통증(<4),BF,5
소화기,J,복부종괴/팽만,M,지속적인 구토,CA,3
소화기,J,복부종괴/팽만,M,"만성 복부 종괴/팽만, 건강해 보임",CB,5
소화기,J,항문/직장외상,N,중등도 호흡곤란,AA,2
소화기,J,항문/직장외상,N,혈역학적 장애,AB,2
소화기,J,항문/직장외상,N,의식변화(GCS 9-13),AC,2
소화기,J,항문/직장외상,N,"열,면역억제 상태",AD,2
소화기,J,항문/직장외상,N,"<3 개월, T<36℃ 또는  ≥38℃",AE,2
소화기,J,항문/직장외상,N,"3-36 개월, T<32℃ 또는  ≥38℃, 그리고 아파보임",AF,2
소화기,J,항문/직장외상,N,경증 호흡곤란,AG,3
소화기,J,항문/직장외상,N,정상 범위 밖의 활력징후,AH,3
소화기,J,항문/직장외상,N,"3-36 개월, T<32-35℃  또는 ≥38℃ 그리고 건강해 보임",AI,3
소화기,J,항문/직장외상,N,">36 개월, T≥38℃, 그리고  아파 보임",AJ,3
소화기,J,항문/직장외상,N,">36 개월, T≥38℃, 그리고  건강해 보임",AK,4
소화기,J,항문/직장외상,N,급성 중증 통증(8-10),BA,2
소화기,J,항문/직장외상,N,출혈성 질환(생명이나 사지에 위급한  출혈),BB,2
소화기,J,항문/직장외상,N,급성 중등도 통증(4-7),BC,3
소화기,J,항문/직장외상,N,출혈성 질환(중등도나 경증의 출혈),BD,3
소화기,J,항문/직장외상,N,급성 경증 통증(<4),BE,4
소화기,J,항문/직장외상,N,항문/직장 외상,CA,5
소화기,J,구강/식도 이물질,O,중증 호흡곤란,AA,1
소화기,J,구강/식도 이물질,O,쇼크,AB,1
소화기,J,구강/식도 이물질,O,무의식(GCS 3-8),AC,1
소화기,J,구강/식도 이물질,O,중등도 호흡곤란,AD,2
소화기,J,구강/식도 이물질,O,혈역학적 장애,AE,2
소화기,J,구강/식도 이물질,O,의식변화(GCS 9-13),AF,2
소화기,J,구강/식도 이물질,O,"열,면역억제 상태",AG,2
소화기,J,구강/식도 이물질,O,"<3 개월, T<36℃ 또는  ≥38℃",AH,2
소화기,J,구강/식도 이물질,O,"3-36 개월, T<32℃ 또는  ≥38℃, 그리고 아파보임",AI,2
소화기,J,구강/식도 이물질,O,경증 호흡곤란,AJ,3
소화기,J,구강/식도 이물질,O,정상 범위 밖의 활력징후,AK,3
소화기,J,구강/식도 이물질,O,"3-36 개월, T<32-35℃  또는 ≥38℃ 그리고 건강해 보임",AL,3
소화기,J,구강/식도 이물질,O,">36 개월, T≥38℃, 그리고  아파 보임",AM,3
소화기,J,구강/식도 이물질,O,">36 개월, T≥38℃, 그리고  건강해 보임",AN,4
소화기,J,구강/식도 이물질,O,급성 중증 통증(8-10),BA,2
소화기,J,구강/식도 이물질,O,급성 중등도 통증(4-7),BB,3
소화기,J,구강/식도 이물질,O,급성 경증 통증(<4),BC,4
소화기,J,구강/식도 이물질,O,침흘림 또는 협착음,CA,2
소화기,J,구강/식도 이물질,O,목쉰소리와 언어장애,CB,2
소화기,J,구강/식도 이물질,O,지속적인 구토,CC,3
소화기,J,구강/식도 이물질,O,연하곤란이나 호흡곤란 없음,CD,4
소화기,J,신생아 연하곤란,P,중증 호흡곤란,AA,1
소화기,J,신생아 연하곤란,P,쇼크,AB,1
소화기,J,신생아 연하곤란,P,무의식(GCS 3-8),AC,1
소화기,J,신생아 연하곤란,P,중등도 호흡곤란,AD,2
소화기,J,신생아 연하곤란,P,혈역학적 장애,AE,2
소화기,J,신생아 연하곤란,P,의식변화(GCS 9-13),AF,2
소화기,J,신생아 연하곤란,P,"열,면역억제 상태",AG,2
소화기,J,신생아 연하곤란,P,"<3 개월, T<36℃ 또는  ≥38℃",AH,2
소화기,J,신생아 연하곤란,P,"3-36 개월, T<32℃ 또는  ≥38℃, 그리고 아파보임",AI,2
소화기,J,신생아 연하곤란,P,경증 호흡곤란,AJ,3
소화기,J,신생아 연하곤란,P,정상 범위 밖의 활력징후,AK,3
소화기,J,신생아 연하곤란,P,"3-36 개월, T<32-35℃  또는 ≥38℃ 그리고 건강해 보임",AL,3
소화기,J,신생아 연하곤란,P,">36 개월, T≥38℃, 그리고  아파 보임",AM,3
소화기,J,신생아 연하곤란,P,구강 섭취 거부,CA,2
소화기,J,신생아 연하곤란,P,감소된 구강섭취,CB,3
소화기,J,신생아 황달,Q,중증 호흡곤란,AA,1
소화기,J,신생아 황달,Q,쇼크,AB,1
소화기,J,신생아 황달,Q,무의식(GCS 3-8),AC,1
소화기,J,신생아 황달,Q,중등도 호흡곤란,AD,2
소화기,J,신생아 황달,Q,혈역학적 장애,AE,2
소화기,J,신생아 황달,Q,의식변화(GCS 9-13),AF,2
소화기,J,신생아 황달,Q,"열,면역억제 상태",AG,2
소화기,J,신생아 황달,Q,"<3 개월, T<36℃ 또는  ≥38℃",AH,2
소화기,J,신생아 황달,Q,영아≤7일,CA,2
소화기,J,신생아 황달,Q,영아 > 7일,CB,3
산부인과,K,생리문제,A,중증 호흡곤란,AA,1
산부인과,K,생리문제,A,쇼크,AB,1
산부인과,K,생리문제,A,무의식(GCS 3-8),AC,1
산부인과,K,생리문제,A,중등도 호흡곤란,AD,2
산부인과,K,생리문제,A,혈역학적 장애,AE,2
산부인과,K,생리문제,A,의식변화(GCS 9-13),AF,2
산부인과,K,생리문제,A,"열,면역억제 상태",AG,2
산부인과,K,생리문제,A,"<3 개월, T<36℃ 또는  ≥38℃",AH,2
산부인과,K,생리문제,A,"3-36 개월, T<32℃ 또는  ≥38℃, 그리고 아파보임",AI,2
산부인과,K,생리문제,A,경증 호흡곤란,AJ,3
산부인과,K,생리문제,A,정상 범위 밖의 활력징후,AK,3
산부인과,K,생리문제,A,"3-36 개월, T<32-35℃  또는 ≥38℃ 그리고 건강해 보임",AL,3
산부인과,K,생리문제,A,">36 개월, T≥38℃, 그리고  아파 보임",AM,3
산부인과,K,생리문제,A,">36 개월, T≥38℃, 그리고  건강해 보임",AN,4
산부인과,K,생리문제,A,급성 중증 통증(8-10),BA,2
산부인과,K,생리문제,A,급성 중등도 통증(4-7),BB,3
산부인과,K,생리문제,A,급성 경증 통증(<4),BC,4
산부인과,K,생리문제,A,생리문제,CA,4
산부인과,K,질내 이물질,B,중증 호흡곤란,AA,1
산부인과,K,질내 이물질,B,쇼크,AB,1
산부인과,K,질내 이물질,B,무의식(GCS 3-8),AC,1
산부인과,K,질내 이물질,B,중등도 호흡곤란,AD,2
산부인과,K,질내 이물질,B,혈역학적 장애,AE,2
산부인과,K,질내 이물질,B,의식변화(GCS 9-13),AF,2
산부인과,K,질내 이물질,B,"열,면역억제 상태",AG,2
산부인과,K,질내 이물질,B,"<3 개월, T<36℃ 또는  ≥38℃",AH,2
산부인과,K,질내 이물질,B,"3-36 개월, T<32℃ 또는  ≥38℃, 그리고 아파보임",AI,2
산부인과,K,질내 이물질,B,경증 호흡곤란,AJ,3
산부인과,K,질내 이물질,B,정상 범위 밖의 활력징후,AK,3
산부인과,K,질내 이물질,B,"3-36 개월, T<32-35℃  또는 ≥38℃ 그리고 건강해 보임",AL,3
산부인과,K,질내 이물질,B,">36 개월, T≥38℃, 그리고  아파 보임",AM,3
산부인과,K,질내 이물질,B,">36 개월, T≥38℃, 그리고  건강해 보임",AN,4
산부인과,K,질내 이물질,B,급성 중증 통증(8-10),BA,2
산부인과,K,질내 이물질,B,급성 중등도 통증(4-7),BB,3
산부인과,K,질내 이물질,B,급성 경증 통증(<4),BC,4
산부인과,K,질내 이물질,B,질내 이물질,CA,5
산부인과,K,질 분비물,C,중등도 호흡곤란,AA,2
산부인과,K,질 분비물,C,혈역학적 장애,AB,2
산부인과,K,질 분비물,C,의식변화(GCS 9-13),AC,2
산부인과,K,질 분비물,C,"열,면역억제 상태",AD,2
산부인과,K,질 분비물,C,"<3 개월, T<36℃ 또는  ≥38℃",AE,2
산부인과,K,질 분비물,C,"3-36 개월, T<32℃ 또는  ≥38℃, 그리고 아파보임",AF,2
산부인과,K,질 분비물,C,경증 호흡곤란,AG,3
산부인과,K,질 분비물,C,정상 범위 밖의 활력징후,AH,3
산부인과,K,질 분비물,C,"3-36 개월, T<32-35℃  또는 ≥38℃ 그리고 건강해 보임",AI,3
산부인과,K,질 분비물,C,">36 개월, T≥38℃, 그리고  아파 보임",AJ,3
산부인과,K,질 분비물,C,">36 개월, T≥38℃, 그리고  건강해 보임",AK,4
산부인과,K,질 분비물,C,급성 중증 통증(8-10),BA,2
산부인과,K,질 분비물,C,급성 중등도 통증(4-7),BB,3
산부인과,K,질 분비물,C,급성 경증 통증(<4),BC,4
산부인과,K,질 분비물,C,경증인 경우,CA,5
산부인과,K,질통증/가려움,D,급성 중증 통증(8-10),BA,2
산부인과,K,질통증/가려움,D,급성 중등도 통증(4-7),BB,3
산부인과,K,질통증/가려움,D,급성 경증 통증(<4),BC,4
산부인과,K,질통증/가려움,D,"질 통증, 가려움",CA,4
산부인과,K,질출혈,E,중증 호흡곤란,AA,1
산부인과,K,질출혈,E,쇼크,AB,1
산부인과,K,질출혈,E,무의식(GCS 3-8),AC,1
산부인과,K,질출혈,E,중등도 호흡곤란,AD,2
산부인과,K,질출혈,E,혈역학적 장애,AE,2
산부인과,K,질출혈,E,의식변화(GCS 9-13),AF,2
산부인과,K,질출혈,E,"열,면역억제 상태",AG,2
산부인과,K,질출혈,E,"<3 개월, T<36℃ 또는  ≥38℃",AH,2
산부인과,K,질출혈,E,"3-36 개월, T<32℃ 또는  ≥38℃, 그리고 아파보임",AI,2
산부인과,K,질출혈,E,경증 호흡곤란,AJ,3
산부인과,K,질출혈,E,정상 범위 밖의 활력징후,AK,3
산부인과,K,질출혈,E,"3-36 개월, T<32-35℃  또는 ≥38℃ 그리고 건강해 보임",AL,3
산부인과,K,질출혈,E,">36 개월, T≥38℃, 그리고  아파 보임",AM,3
산부인과,K,질출혈,E,">36 개월, T≥38℃, 그리고  건강해 보임",AN,4
산부인과,K,질출혈,E,급성 중증 통증(8-10),BA,2
산부인과,K,질출혈,E,출혈성 질환(생명이나 사지에 위급한  출혈),BB,2
산부인과,K,질출혈,E,급성 중등도 통증(4-7),BC,3
산부인과,K,질출혈,E,출혈성 질환(중등도나 경증의 출혈),BD,3
산부인과,K,질출혈,E,급성 경증 통증(<4),BE,4
산부인과,K,질출혈,E,임신과 관련된 다량의 질출혈,CA,1
산부인과,K,질출혈,E,임신과 관련없는 다량의 질출혈,CB,2
산부인과,K,질출혈,E,질출혈(정상활력징후),CC,3
산부인과,K,질출혈,E,질출혈(경증/점상출혈),CD,4
산부인과,K,음순부종,F,중등도 호흡곤란,AA,2
산부인과,K,음순부종,F,혈역학적 장애,AB,2
산부인과,K,음순부종,F,의식변화(GCS 9-13),AC,2
산부인과,K,음순부종,F,"열,면역억제 상태",AD,2
산부인과,K,음순부종,F,"<3 개월, T<36℃ 또는  ≥38℃",AE,2
산부인과,K,음순부종,F,"3-36 개월, T<32℃ 또는  ≥38℃, 그리고 아파보임",AF,2
산부인과,K,음순부종,F,경증 호흡곤란,AG,3
산부인과,K,음순부종,F,정상 범위 밖의 활력징후,AH,3
산부인과,K,음순부종,F,"3-36 개월, T<32-35℃  또는 ≥38℃ 그리고 건강해 보임",AI,3
산부인과,K,음순부종,F,">36 개월, T≥38℃, 그리고  아파 보임",AJ,3
산부인과,K,음순부종,F,">36 개월, T≥38℃, 그리고  건강해 보임",AK,4
산부인과,K,음순부종,F,급성 중증 통증(8-10),BA,2
산부인과,K,음순부종,F,급성 중등도 통증(4-7),BB,3
산부인과,K,음순부종,F,급성 경증 통증(<4),BC,4
산부인과,K,음순부종,F,음순부종,CA,5
산부인과,K,20주 미만의 임신,G,중증 호흡곤란,AA,1
산부인과,K,20주 미만의 임신,G,쇼크,AB,1
산부인과,K,20주 미만의 임신,G,무의식(GCS 3-8),AC,1
산부인과,K,20주 미만의 임신,G,중등도 호흡곤란,AD,2
산부인과,K,20주 미만의 임신,G,혈역학적 장애,AE,2
산부인과,K,20주 미만의 임신,G,의식변화(GCS 9-13),AF,2
산부인과,K,20주 미만의 임신,G,"열,면역억제 상태",AG,2
산부인과,K,20주 미만의 임신,G,경증 호흡곤란,AH,3
산부인과,K,20주 미만의 임신,G,정상 범위 밖의 활력징후,AI,3
산부인과,K,20주 미만의 임신,G,">36 개월, T≥38℃, 그리고  아파 보임",AJ,3
산부인과,K,20주 미만의 임신,G,">36 개월, T≥38℃, 그리고  건강해 보임",AK,4
산부인과,K,20주 미만의 임신,G,급성 중증 통증(8-10),BA,2
산부인과,K,20주 미만의 임신,G,출혈성 질환(생명이나 사지에 위급한  출혈),BB,2
산부인과,K,20주 미만의 임신,G,고위험성 사고기전,BC,2
산부인과,K,20주 미만의 임신,G,급성 중등도 통증(4-7),BD,3
산부인과,K,20주 미만의 임신,G,출혈성 질환(중등도나 경증의 출혈),BE,3
산부인과,K,20주 미만의 임신,G,급성 경증 통증(<4),BF,4
산부인과,K,20주 미만의 임신,G,임신과 관련되거나 다른 원인으로 인한  다량의 질출혈,CA,2
산부인과,K,20주 미만의 임신,G,질출혈(활력징후 정상),CB,3
산부인과,K,20주 미만의 임신,G,질출혈 (경증/점상출혈),CC,4
산부인과,K,20주 미만의 임신,G,임신주수<20주,CD,4
산부인과,K,20주 이상의 임신,H,중증호흡곤란,AA,1
산부인과,K,20주 이상의 임신,H,쇼크,AB,1
산부인과,K,20주 이상의 임신,H,무의식(GCS 3-8),AC,1
산부인과,K,20주 이상의 임신,H,중등도 호흡곤란,AD,2
산부인과,K,20주 이상의 임신,H,혈역학적 장애,AE,2
산부인과,K,20주 이상의 임신,H,의식변화(GCS 9-13),AF,2
산부인과,K,20주 이상의 임신,H,"열,면역억제 상태",AG,2
산부인과,K,20주 이상의 임신,H,경증 호흡곤란,AH,3
산부인과,K,20주 이상의 임신,H,정상 범위 밖의 활력징후,AI,3
산부인과,K,20주 이상의 임신,H,">36 개월, T≥38℃, 그리고  아파 보임",AJ,3
산부인과,K,20주 이상의 임신,H,">36 개월, T≥38℃, 그리고  건강해 보임",AK,4
산부인과,K,20주 이상의 임신,H,급성 중증 통증(8-10),BA,2
산부인과,K,20주 이상의 임신,H,출혈성 질환(생명이나 사지에 위급한  출혈),BB,2
산부인과,K,20주 이상의 임신,H,고위험성 사고기전,BC,2
산부인과,K,20주 이상의 임신,H,급성 중등도 통증(4-7),BD,3
산부인과,K,20주 이상의 임신,H,출혈성 질환(중등도나 경증의 출혈),BE,3
산부인과,K,20주 이상의 임신,H,급성 경증 통증(<4),BF,4
산부인과,K,20주 이상의 임신,H,태아의 일부분이 보이거나 탯줄 탈출,CA,1
산부인과,K,20주 이상의 임신,H,임신말기의 질출혈,CB,1
산부인과,K,20주 이상의 임신,H,분만(자궁수축<2분),CC,2
산부인과,K,20주 이상의 임신,H,"임신주수>20주,  태동없음/태아심음의 소실",CD,2
산부인과,K,20주 이상의 임신,H,"임신주수>20주, 두통± 부종±  출혈성 질환± 통증±고혈압",CE,2
산부인과,K,20주 이상의 임신,H,출산직후,CF,2
산부인과,K,20주 이상의 임신,H,분만(자궁수축>2분),CG,3
산부인과,K,20주 이상의 임신,H,"임신주수>20주, 양수 누출  가능성",CH,3
산부인과,K,20주 이상의 임신,H,임신주수>20주,CI,4
산부인과,K,성폭행,I,중증 호흡곤란,AA,1
산부인과,K,성폭행,I,쇼크,AB,1
산부인과,K,성폭행,I,무의식(GCS 3-8),AC,1
산부인과,K,성폭행,I,중등도 호흡곤란,AD,2
산부인과,K,성폭행,I,혈역학적 장애,AE,2
산부인과,K,성폭행,I,의식변화(GCS 9-13),AF,2
산부인과,K,성폭행,I,"열,면역억제 상태",AG,2
산부인과,K,성폭행,I,"<3 개월, T<36℃ 또는  ≥38℃",AH,2
산부인과,K,성폭행,I,"3-36 개월, T<32℃ 또는  ≥38℃, 그리고 아파보임",AI,2
산부인과,K,성폭행,I,경증 호흡곤란,AJ,3
산부인과,K,성폭행,I,정상 범위 밖의 활력징후,AK,3
산부인과,K,성폭행,I,"3-36 개월, T<32-35℃  또는 ≥38℃ 그리고 건강해 보임",AL,3
산부인과,K,성폭행,I,">36 개월, T≥38℃, 그리고  아파 보임",AM,3
산부인과,K,성폭행,I,">36 개월, T≥38℃, 그리고  건강해 보임",AN,4
산부인과,K,성폭행,I,급성 중증 통증(8-10),BA,2
산부인과,K,성폭행,I,급성 중등도 통증(4-7),BB,3
산부인과,K,성폭행,I,급성 경증 통증(<4),BC,4
산부인과,K,성폭행,I,<2시간,CA,2
산부인과,K,성폭행,I,≥ 2시간 또는 <12시간,CB,3
산부인과,K,성폭행,I,"≥ 12시간, 손상없음",CC,4
비뇨기과,L,옆구리 통증,A,중증 호흡곤란,AA,1
비뇨기과,L,옆구리 통증,A,쇼크,AB,1
비뇨기과,L,옆구리 통증,A,무의식(GCS 3-8),AC,1
비뇨기과,L,옆구리 통증,A,중등도 호흡곤란,AD,2
비뇨기과,L,옆구리 통증,A,혈역학적 장애,AE,2
비뇨기과,L,옆구리 통증,A,의식변화(GCS 9-13),AF,2
비뇨기과,L,옆구리 통증,A,"열,면역억제 상태",AG,2
비뇨기과,L,옆구리 통증,A,"<3 개월, T<36℃ 또는  ≥38℃",AH,2
비뇨기과,L,옆구리 통증,A,"3-36 개월, T<32℃ 또는  ≥38℃, 그리고 아파보임",AI,2
비뇨기과,L,옆구리 통증,A,경증 호흡곤란,AJ,3
비뇨기과,L,옆구리 통증,A,정상 범위 밖의 활력징후,AK,3
비뇨기과,L,옆구리 통증,A,"3-36 개월, T<32-35℃  또는 ≥38℃ 그리고 건강해 보임",AL,3
비뇨기과,L,옆구리 통증,A,">36 개월, T≥38℃, 그리고  아파 보임",AM,3
비뇨기과,L,옆구리 통증,A,">36 개월, T≥38℃, 그리고  건강해 보임",AN,4
비뇨기과,L,옆구리 통증,A,급성 중증 통증(8-10),BA,2
비뇨기과,L,옆구리 통증,A,급성 중등도 통증(4-7),BB,3
비뇨기과,L,옆구리 통증,A,만성 중증 통증(8-10),BC,3
비뇨기과,L,옆구리 통증,A,급성 경증 통증(<4),BD,4
비뇨기과,L,옆구리 통증,A,만성 중등도 통증(4-7),BE,4
비뇨기과,L,옆구리 통증,A,만성 경증 통증(<4),BF,5
비뇨기과,L,혈뇨,B,중증 호흡곤란,AA,1
비뇨기과,L,혈뇨,B,쇼크,AB,1
비뇨기과,L,혈뇨,B,무의식(GCS 3-8),AC,1
비뇨기과,L,혈뇨,B,중등도 호흡곤란,AD,2
비뇨기과,L,혈뇨,B,혈역학적 장애,AE,2
비뇨기과,L,혈뇨,B,의식변화(GCS 9-13),AF,2
비뇨기과,L,혈뇨,B,"열,면역억제 상태",AG,2
비뇨기과,L,혈뇨,B,"<3 개월, T<36℃ 또는  ≥38℃",AH,2
비뇨기과,L,혈뇨,B,"3-36 개월, T<32℃ 또는  ≥38℃, 그리고 아파보임",AI,2
비뇨기과,L,혈뇨,B,경증 호흡곤란,AJ,3
비뇨기과,L,혈뇨,B,정상 범위 밖의 활력징후,AK,3
비뇨기과,L,혈뇨,B,"3-36 개월, T<32-35℃  또는 ≥38℃ 그리고 건강해 보임",AL,3
비뇨기과,L,혈뇨,B,">36 개월, T≥38℃, 그리고  아파 보임",AM,3
비뇨기과,L,혈뇨,B,">36 개월, T≥38℃, 그리고  건강해 보임",AN,4
비뇨기과,L,혈뇨,B,급성 중증 통증(8-10),BA,2
비뇨기과,L,혈뇨,B,출혈성 질환(생명이나 사지에 위급한  출혈),BB,2
비뇨기과,L,혈뇨,B,급성 중등도 통증(4-7),BC,3
비뇨기과,L,혈뇨,B,만성 중증 통증(8-10),BD,3
비뇨기과,L,혈뇨,B,출혈성 질환(중등도나 경증의 출혈),BE,3
비뇨기과,L,혈뇨,B,급성 경증 통증(<4),BF,4
비뇨기과,L,혈뇨,B,만성 중등도 통증(4-7),BG,4
비뇨기과,L,혈뇨,B,만성 경증 통증(<4),BH,5
비뇨기과,L,생식기의 분비물/환부,C,경증 호흡곤란,AA,3
비뇨기과,L,생식기의 분비물/환부,C,정상 범위 밖의 활력징후,AB,3
비뇨기과,L,생식기의 분비물/환부,C,"3-36 개월, T<32-35℃  또는 ≥38℃ 그리고 건강해 보임",AC,3
비뇨기과,L,생식기의 분비물/환부,C,">36 개월, T≥38℃, 그리고  아파 보임",AD,3
비뇨기과,L,생식기의 분비물/환부,C,">36 개월, T≥38℃, 그리고  건강해 보임",AE,4
비뇨기과,L,생식기의 분비물/환부,C,급성 중증 통증(8-10),BA,2
비뇨기과,L,생식기의 분비물/환부,C,급성 중등도 통증(4-7),BB,3
비뇨기과,L,생식기의 분비물/환부,C,만성 중증 통증(8-10),BC,3
비뇨기과,L,생식기의 분비물/환부,C,급성 경증 통증(<4),BD,4
비뇨기과,L,생식기의 분비물/환부,C,만성 중등도 통증(4-7),BE,4
비뇨기과,L,생식기의 분비물/환부,C,만성 경증 통증(<4),BF,5
비뇨기과,L,생식기의 분비물/환부,C,생식기의 분비물/피부병변,CA,5
비뇨기과,L,음경부종,D,중등도 호흡곤란,AA,2
비뇨기과,L,음경부종,D,혈역학적 장애,AB,2
비뇨기과,L,음경부종,D,의식변화(GCS 9-13),AC,2
비뇨기과,L,음경부종,D,"열,면역억제 상태",AD,2
비뇨기과,L,음경부종,D,"<3 개월, T<36℃ 또는  ≥38℃",AE,2
비뇨기과,L,음경부종,D,"3-36 개월, T<32℃ 또는  ≥38℃, 그리고 아파보임",AF,2
비뇨기과,L,음경부종,D,경증 호흡곤란,AG,3
비뇨기과,L,음경부종,D,정상 범위 밖의 활력징후,AH,3
비뇨기과,L,음경부종,D,"3-36 개월, T<32-35℃  또는 ≥38℃ 그리고 건강해 보임",AI,3
비뇨기과,L,음경부종,D,">36 개월, T≥38℃, 그리고  아파 보임",AJ,3
비뇨기과,L,음경부종,D,">36 개월, T≥38℃, 그리고  건강해 보임",AK,4
비뇨기과,L,음경부종,D,급성 중증 통증(8-10),BA,2
비뇨기과,L,음경부종,D,급성 중등도 통증(4-7),BB,3
비뇨기과,L,음경부종,D,만성 중증 통증(8-10),BC,3
비뇨기과,L,음경부종,D,급성 경증 통증(<4),BD,4
비뇨기과,L,음경부종,D,만성 중등도 통증(4-7),BE,4
비뇨기과,L,음경부종,D,만성 경증 통증(<4),BF,5
비뇨기과,L,음경부종,D,지속발기증,CA,2
비뇨기과,L,음경부종,D,"감돈포경(안으로 말린 음경꺼풀,  정복되지 않음)",CB,2
비뇨기과,L,음경부종,D,"음경 부종, 만성 경증  통증(<4)",CC,5
비뇨기과,L,고환통증/부종,E,중등도 호흡곤란,AA,2
비뇨기과,L,고환통증/부종,E,혈역학적 장애,AB,2
비뇨기과,L,고환통증/부종,E,의식변화(GCS 9-13),AC,2
비뇨기과,L,고환통증/부종,E,"열,면역억제 상태",AD,2
비뇨기과,L,고환통증/부종,E,"<3 개월, T<36℃ 또는  ≥38℃",AE,2
비뇨기과,L,고환통증/부종,E,"3-36 개월, T<32℃ 또는  ≥38℃, 그리고 아파보임",AF,2
비뇨기과,L,고환통증/부종,E,경증 호흡곤란,AG,3
비뇨기과,L,고환통증/부종,E,정상 범위 밖의 활력징후,AH,3
비뇨기과,L,고환통증/부종,E,"3-36 개월, T<32-35℃  또는 ≥38℃ 그리고 건강해 보임",AI,3
비뇨기과,L,고환통증/부종,E,">36 개월, T≥38℃, 그리고  아파 보임",AJ,3
비뇨기과,L,고환통증/부종,E,">36 개월, T≥38℃, 그리고  건강해 보임",AK,4
비뇨기과,L,고환통증/부종,E,급성 중증 통증(8-10),BA,2
비뇨기과,L,고환통증/부종,E,급성 중등도 통증(4-7),BB,3
비뇨기과,L,고환통증/부종,E,만성 중증 통증(8-10),BC,3
비뇨기과,L,고환통증/부종,E,급성 경증 통증(<4),BD,4
비뇨기과,L,고환통증/부종,E,만성 중등도 통증(4-7),BE,4
비뇨기과,L,고환통증/부종,E,만성 경증 통증(<4),BF,5
비뇨기과,L,고환통증/부종,E,고환 통증/부종,CA,5
비뇨기과,L,소변 배출장애,F,"열,면역억제 상태",AA,2
비뇨기과,L,소변 배출장애,F,"<3 개월, T<36℃ 또는  ≥38℃",AB,2
비뇨기과,L,소변 배출장애,F,"3-36 개월, T<32℃ 또는  ≥38℃, 그리고 아파보임",AC,2
비뇨기과,L,소변 배출장애,F,"3-36 개월, T<32-35℃  또는 ≥38℃ 그리고 건강해 보임",AD,3
비뇨기과,L,소변 배출장애,F,">36 개월, T≥38℃, 그리고  아파 보임",AE,3
비뇨기과,L,소변 배출장애,F,">36 개월, T≥38℃, 그리고  건강해 보임",AF,4
비뇨기과,L,소변 배출장애,F,급성 중증 통증(8-10),BA,2
비뇨기과,L,소변 배출장애,F,급성 중등도 통증(4-7),BB,3
비뇨기과,L,소변 배출장애,F,만성 중증 통증(8-10),BC,3
비뇨기과,L,소변 배출장애,F,급성 경증 통증(<4),BD,4
비뇨기과,L,소변 배출장애,F,만성 중등도 통증(4-7),BE,4
비뇨기과,L,소변 배출장애,F,만성 경증,BF,4
비뇨기과,L,소변 배출장애,F,소변배출장애,CA,4
비뇨기과,L,요로감염 증상,G,중등도 호흡곤란,AA,2
비뇨기과,L,요로감염 증상,G,혈역학적 장애,AB,2
비뇨기과,L,요로감염 증상,G,의식변화(GCS 9-13),AC,2
비뇨기과,L,요로감염 증상,G,"열,면역억제 상태",AD,2
비뇨기과,L,요로감염 증상,G,"<3 개월, T<36℃ 또는  ≥38℃",AE,2
비뇨기과,L,요로감염 증상,G,"3-36 개월, T<32℃ 또는  ≥38℃, 그리고 아파보임",AF,2
비뇨기과,L,요로감염 증상,G,경증 호흡곤란,AG,3
비뇨기과,L,요로감염 증상,G,정상 범위 밖의 활력징후,AH,3
비뇨기과,L,요로감염 증상,G,"3-36 개월, T<32-35℃  또는 ≥38℃ 그리고 건강해 보임",AI,3
비뇨기과,L,요로감염 증상,G,">36 개월, T≥38℃, 그리고  아파 보임",AJ,3
비뇨기과,L,요로감염 증상,G,">36 개월, T≥38℃, 그리고  건강해 보임",AK,4
비뇨기과,L,요로감염 증상,G,급성 중증 통증(8-10),BA,2
비뇨기과,L,요로감염 증상,G,급성 중등도 통증(4-7),BB,3
비뇨기과,L,요로감염 증상,G,만성 중증 통증(8-10),BC,3
비뇨기과,L,요로감염 증상,G,급성 경증 통증(<4),BD,4
비뇨기과,L,요로감염 증상,G,만성 중등도 통증(4-7),BE,4
비뇨기과,L,요로감염 증상,G,만성 경증 통증(<4),BF,5
비뇨기과,L,요로감염 증상,G,"만성, 경증 요로감염 증상호소/증상",CA,5
비뇨기과,L,핍뇨증,H,중증 호흡곤란,AA,1
비뇨기과,L,핍뇨증,H,쇼크,AB,1
비뇨기과,L,핍뇨증,H,무의식(GCS 3-8),AC,1
비뇨기과,L,핍뇨증,H,중등도 호흡곤란,AD,2
비뇨기과,L,핍뇨증,H,혈역학적 장애,AE,2
비뇨기과,L,핍뇨증,H,의식변화(GCS 9-13),AF,2
비뇨기과,L,핍뇨증,H,"열,면역억제 상태",AG,2
비뇨기과,L,핍뇨증,H,"<3 개월, T<36℃ 또는  ≥38℃",AH,2
비뇨기과,L,핍뇨증,H,"3-36 개월, T<32℃ 또는  ≥38℃, 그리고 아파보임",AI,2
비뇨기과,L,핍뇨증,H,경증 호흡곤란,AJ,3
비뇨기과,L,핍뇨증,H,정상 범위 밖의 활력징후,AK,3
비뇨기과,L,핍뇨증,H,"3-36 개월, T<32-35℃  또는 ≥38℃ 그리고 건강해 보임",AL,3
비뇨기과,L,핍뇨증,H,">36 개월, T≥38℃, 그리고  아파 보임",AM,3
비뇨기과,L,핍뇨증,H,">36 개월, T≥38℃, 그리고  건강해 보임",AN,4
비뇨기과,L,핍뇨증,H,급성 중증 통증(8-10),BA,2
비뇨기과,L,핍뇨증,H,급성 중등도 통증(4-7),BB,3
비뇨기과,L,핍뇨증,H,급성 경증 통증(<4),BC,4
비뇨기과,L,핍뇨증,H,핍뇨증,CA,4
비뇨기과,L,다뇨증,I,중증 호흡곤란,AA,1
비뇨기과,L,다뇨증,I,쇼크,AB,1
비뇨기과,L,다뇨증,I,무의식(GCS 3-8),AC,1
비뇨기과,L,다뇨증,I,중등도 호흡곤란,AD,2
비뇨기과,L,다뇨증,I,혈역학적 장애,AE,2
비뇨기과,L,다뇨증,I,의식변화(GCS 9-13),AF,2
비뇨기과,L,다뇨증,I,"열,면역억제 상태",AG,2
비뇨기과,L,다뇨증,I,"<3 개월, T<36℃ 또는  ≥38℃",AH,2
비뇨기과,L,다뇨증,I,"3-36 개월, T<32℃ 또는  ≥38℃, 그리고 아파보임",AI,2
비뇨기과,L,다뇨증,I,경증 호흡곤란,AJ,3
비뇨기과,L,다뇨증,I,정상 범위 밖의 활력징후,AK,3
비뇨기과,L,다뇨증,I,"3-36 개월, T<32-35℃  또는 ≥38℃ 그리고 건강해 보임",AL,3
비뇨기과,L,다뇨증,I,">36 개월, T≥38℃, 그리고  아파 보임",AM,3
비뇨기과,L,다뇨증,I,">36 개월, T≥38℃, 그리고  건강해 보임",AN,4
비뇨기과,L,다뇨증,I,급성 중증 통증(8-10),BA,2
비뇨기과,L,다뇨증,I,급성 중등도 통증(4-7),BB,3
비뇨기과,L,다뇨증,I,급성 경증 통증(<4),BC,4
비뇨기과,L,다뇨증,I,다뇨증,CA,4
비뇨기과,L,생식기 외상,J,중증 호흡곤란,AA,1
비뇨기과,L,생식기 외상,J,쇼크,AB,1
비뇨기과,L,생식기 외상,J,무의식(GCS 3-8),AC,1
비뇨기과,L,생식기 외상,J,중등도 호흡곤란,AD,2
비뇨기과,L,생식기 외상,J,혈역학적 장애,AE,2
비뇨기과,L,생식기 외상,J,의식변화(GCS 9-13),AF,2
비뇨기과,L,생식기 외상,J,"열,면역억제 상태",AG,2
비뇨기과,L,생식기 외상,J,"<3 개월, T<36℃ 또는  ≥38℃",AH,2
비뇨기과,L,생식기 외상,J,"3-36 개월, T<32℃ 또는  ≥38℃, 그리고 아파보임",AI,2
비뇨기과,L,생식기 외상,J,경증 호흡곤란,AJ,3
비뇨기과,L,생식기 외상,J,정상 범위 밖의 활력징후,AK,3
비뇨기과,L,생식기 외상,J,"3-36 개월, T<32-35℃  또는 ≥38℃ 그리고 건강해 보임",AL,3
비뇨기과,L,생식기 외상,J,">36 개월, T≥38℃, 그리고  아파 보임",AM,3
비뇨기과,L,생식기 외상,J,">36 개월, T≥38℃, 그리고  건강해 보임",AN,4
비뇨기과,L,생식기 외상,J,급성 중증 통증(8-10),BA,2
비뇨기과,L,생식기 외상,J,출혈성 질환(생명이나 사지에 위급한  출혈),BB,2
비뇨기과,L,생식기 외상,J,급성 중등도 통증(4-7),BC,3
비뇨기과,L,생식기 외상,J,만성 중증 통증(8-10),BD,3
비뇨기과,L,생식기 외상,J,출혈성 질환(중등도나 경증의 출혈),BE,3
비뇨기과,L,생식기 외상,J,급성 경증 통증(<4),BF,4
비뇨기과,L,생식기 외상,J,"성폭행, 안정되어 있음",CA,3
비뇨기과,L,생식기 외상,J,"생식기의 외상, 통증 없음",CB,5
정형외과,M,요통,A,중증 호흡곤란,AA,1
정형외과,M,요통,A,쇼크,AB,1
정형외과,M,요통,A,무의식(GCS 3-8),AC,1
정형외과,M,요통,A,중등도 호흡곤란,AD,2
정형외과,M,요통,A,혈역학적 장애,AE,2
정형외과,M,요통,A,의식변화(GCS 9-13),AF,2
정형외과,M,요통,A,"열,면역억제 상태",AG,2
정형외과,M,요통,A,"<3 개월, T<36℃ 또는  ≥38℃",AH,2
정형외과,M,요통,A,"3-36 개월, T<32℃ 또는  ≥38℃, 그리고 아파보임",AI,2
정형외과,M,요통,A,경증 호흡곤란,AJ,3
정형외과,M,요통,A,정상 범위 밖의 활력징후,AK,3
정형외과,M,요통,A,"3-36 개월, T<32-35℃  또는 ≥38℃ 그리고 건강해 보임",AL,3
정형외과,M,요통,A,">36 개월, T≥38℃, 그리고  아파 보임",AM,3
정형외과,M,요통,A,">36 개월, T≥38℃, 그리고  건강해 보임",AN,4
정형외과,M,요통,A,급성 중증 통증(8-10),BA,2
정형외과,M,요통,A,급성 중등도 통증(4-7),BB,3
정형외과,M,요통,A,만성 중증 통증(8-10),BC,3
정형외과,M,요통,A,급성 경증 통증(<4),BD,4
정형외과,M,요통,A,만성 중등도 통증(4-7),BE,4
정형외과,M,요통,A,만성 경증 통증(<4),BF,5
정형외과,M,요통,A,신경학적 손상± 장과 방광의 문제,CA,2
정형외과,M,요통,A,요통,CB,5
정형외과,M,외상성 등/척추 손상,B,중증 호흡곤란,AA,1
정형외과,M,외상성 등/척추 손상,B,쇼크,AB,1
정형외과,M,외상성 등/척추 손상,B,무의식(GCS 3-8),AC,1
정형외과,M,외상성 등/척추 손상,B,중등도 호흡곤란,AD,2
정형외과,M,외상성 등/척추 손상,B,혈역학적 장애,AE,2
정형외과,M,외상성 등/척추 손상,B,의식변화(GCS 9-13),AF,2
정형외과,M,외상성 등/척추 손상,B,"열,면역억제 상태",AG,2
정형외과,M,외상성 등/척추 손상,B,"<3 개월, T<36℃ 또는  ≥38℃",AH,2
정형외과,M,외상성 등/척추 손상,B,"3-36 개월, T<32℃ 또는  ≥38℃, 그리고 아파보임",AI,2
정형외과,M,외상성 등/척추 손상,B,경증 호흡곤란,AJ,3
정형외과,M,외상성 등/척추 손상,B,정상 범위 밖의 활력징후,AK,3
정형외과,M,외상성 등/척추 손상,B,"3-36 개월, T<32-35℃  또는 ≥38℃ 그리고 건강해 보임",AL,3
정형외과,M,외상성 등/척추 손상,B,">36 개월, T≥38℃, 그리고  아파 보임",AM,3
정형외과,M,외상성 등/척추 손상,B,">36 개월, T≥38℃, 그리고  건강해 보임",AN,4
정형외과,M,외상성 등/척추 손상,B,급성 중증 통증(8-10),BA,2
정형외과,M,외상성 등/척추 손상,B,출혈성 질환(생명이나 사지에 위급한  출혈),BB,2
정형외과,M,외상성 등/척추 손상,B,고위험성 사고기전,BC,2
정형외과,M,외상성 등/척추 손상,B,급성 중등도 통증(4-7),BD,3
정형외과,M,외상성 등/척추 손상,B,출혈성 질환(중등도나 경증의 출혈),BE,3
정형외과,M,외상성 등/척추 손상,B,급성 경증 통증(<4),BF,4
정형외과,M,외상성 등/척추 손상,B,신경학적 손상± 장과 방광의 문제,CA,2
정형외과,M,외상성 등/척추 손상,B,"외상성 등/척추 손상, 경증 중심성  통증",CB,4
정형외과,M,절단,C,중증 호흡곤란,AA,1
정형외과,M,절단,C,쇼크,AB,1
정형외과,M,절단,C,무의식(GCS 3-8),AC,1
정형외과,M,절단,C,중등도 호흡곤란,AD,2
정형외과,M,절단,C,혈역학적 장애,AE,2
정형외과,M,절단,C,의식변화(GCS 9-13),AF,2
정형외과,M,절단,C,"열,면역억제 상태",AG,2
정형외과,M,절단,C,"<3 개월, T<36℃ 또는  ≥38℃",AH,2
정형외과,M,절단,C,"3-36 개월, T<32℃ 또는  ≥38℃, 그리고 아파보임",AI,2
정형외과,M,절단,C,경증 호흡곤란,AJ,3
정형외과,M,절단,C,정상 범위 밖의 활력징후,AK,3
정형외과,M,절단,C,"3-36 개월, T<32-35℃  또는 ≥38℃ 그리고 건강해 보임",AL,3
정형외과,M,절단,C,">36 개월, T≥38℃, 그리고  아파 보임",AM,3
정형외과,M,절단,C,급성 중증 통증(8-10),BA,2
정형외과,M,절단,C,출혈성 질환(생명이나 사지에 위급한  출혈),BB,2
정형외과,M,절단,C,고위험성 사고기전,BC,2
정형외과,M,절단,C,출혈성 질환(중등도나 경증의 출혈),BD,3
정형외과,M,절단,C,사지의 외상성 절단,CA,1
정형외과,M,절단,C,손가락의 외상성 절단,CB,2
정형외과,M,절단,C,절단,CC,3
정형외과,M,상지 통증,D,중증 호흡곤란,AA,1
정형외과,M,상지 통증,D,쇼크,AB,1
정형외과,M,상지 통증,D,무의식(GCS 3-8),AC,1
정형외과,M,상지 통증,D,중등도 호흡곤란,AD,2
정형외과,M,상지 통증,D,혈역학적 장애,AE,2
정형외과,M,상지 통증,D,의식변화(GCS 9-13),AF,2
정형외과,M,상지 통증,D,"열,면역억제 상태",AG,2
정형외과,M,상지 통증,D,"<3 개월, T<36℃ 또는  ≥38℃",AH,2
정형외과,M,상지 통증,D,"3-36 개월, T<32℃ 또는  ≥38℃, 그리고 아파보임",AI,2
정형외과,M,상지 통증,D,경증 호흡곤란,AJ,3
정형외과,M,상지 통증,D,정상 범위 밖의 활력징후,AK,3
정형외과,M,상지 통증,D,"3-36 개월, T<32-35℃  또는 ≥38℃ 그리고 건강해 보임",AL,3
정형외과,M,상지 통증,D,">36 개월, T≥38℃, 그리고  아파 보임",AM,3
정형외과,M,상지 통증,D,">36 개월, T≥38℃, 그리고  건강해 보임",AN,4
정형외과,M,상지 통증,D,출혈성 질환(생명이나 사지에 위급한  출혈),BA,2
정형외과,M,상지 통증,D,급성 중증 통증(8-10),BB,2
정형외과,M,상지 통증,D,출혈성 질환(중등도나 경증의 출혈),BC,3
정형외과,M,상지 통증,D,급성 중등도 통증(4-7),BD,3
정형외과,M,상지 통증,D,만성 중증 통증(8-10),BE,3
정형외과,M,상지 통증,D,급성 경증 통증(<4),BF,4
정형외과,M,상지 통증,D,만성 중등도 통증(4-7),BG,4
정형외과,M,상지 통증,D,만성 경증 통증(<4),BH,5
정형외과,M,상지 통증,D,신경혈관장애,CA,2
정형외과,M,상지 통증,D,"석고붕대가 꽉 끼어 아프고, 신경혈관  장애를 동반함",CB,3
정형외과,M,상지 통증,D,"석고붕대가 꽉 끼어 아프지만, 신경혈관  장애는 없음",CC,4
정형외과,M,하지 통증,E,중증 호흡곤란,AA,1
정형외과,M,하지 통증,E,쇼크,AB,1
정형외과,M,하지 통증,E,무의식(GCS 3-8),AC,1
정형외과,M,하지 통증,E,중등도 호흡곤란,AD,2
정형외과,M,하지 통증,E,혈역학적 장애,AE,2
정형외과,M,하지 통증,E,의식변화(GCS 9-13),AF,2
정형외과,M,하지 통증,E,"열,면역억제 상태",AG,2
정형외과,M,하지 통증,E,"<3 개월, T<36℃ 또는  ≥38℃",AH,2
정형외과,M,하지 통증,E,"3-36 개월, T<32℃ 또는  ≥38℃, 그리고 아파보임",AI,2
정형외과,M,하지 통증,E,경증 호흡곤란,AJ,3
정형외과,M,하지 통증,E,정상 범위 밖의 활력징후,AK,3
정형외과,M,하지 통증,E,"3-36 개월, T<32-35℃  또는 ≥38℃ 그리고 건강해 보임",AL,3
정형외과,M,하지 통증,E,">36 개월, T≥38℃, 그리고  아파 보임",AM,3
정형외과,M,하지 통증,E,">36 개월, T≥38℃, 그리고  건강해 보임",AN,4
정형외과,M,하지 통증,E,출혈성 질환(생명이나 사지에 위급한  출혈),BA,2
정형외과,M,하지 통증,E,급성 중증 통증(8-10),BB,2
정형외과,M,하지 통증,E,출혈성 질환(중등도나 경증의 출혈),BC,3
정형외과,M,하지 통증,E,급성 중등도 통증(4-7),BD,3
정형외과,M,하지 통증,E,만성 중증 통증(8-10),BE,3
정형외과,M,하지 통증,E,급성 경증 통증(<4),BF,4
정형외과,M,하지 통증,E,만성 중등도 통증(4-7),BG,4
정형외과,M,하지 통증,E,만성 경증 통증(<4),BH,5
정형외과,M,하지 통증,E,"석고붕대가 꽉 끼어 아프고, 신경혈관  장애를 동반함",CA,3
정형외과,M,하지 통증,E,"석고붕대가 꽉 끼어 아프지만, 신경혈관  장애는 없음",CB,4
정형외과,M,상지 손상,F,중증 호흡곤란,AA,1
정형외과,M,상지 손상,F,쇼크,AB,1
정형외과,M,상지 손상,F,무의식(GCS 3-8),AC,1
정형외과,M,상지 손상,F,중등도 호흡곤란,AD,2
정형외과,M,상지 손상,F,혈역학적 장애,AE,2
정형외과,M,상지 손상,F,의식변화(GCS 9-13),AF,2
정형외과,M,상지 손상,F,"열,면역억제 상태",AG,2
정형외과,M,상지 손상,F,"<3 개월, T<36℃ 또는  ≥38℃",AH,2
정형외과,M,상지 손상,F,"3-36 개월, T<32℃ 또는  ≥38℃, 그리고 아파보임",AI,2
정형외과,M,상지 손상,F,경증 호흡곤란,AJ,3
정형외과,M,상지 손상,F,정상 범위 밖의 활력징후,AK,3
정형외과,M,상지 손상,F,"3-36 개월, T<32-35℃  또는 ≥38℃ 그리고 건강해 보임",AL,3
정형외과,M,상지 손상,F,">36 개월, T≥38℃, 그리고  아파 보임",AM,3
정형외과,M,상지 손상,F,">36 개월, T≥38℃, 그리고  건강해 보임",AN,4
정형외과,M,상지 손상,F,출혈성 질환(생명이나 사지에 위급한  출혈),BA,2
정형외과,M,상지 손상,F,급성 중증 통증(8-10),BB,2
정형외과,M,상지 손상,F,고위험성 사고기전,BC,2
정형외과,M,상지 손상,F,출혈성 질환(중등도나 경증의 출혈),BD,3
정형외과,M,상지 손상,F,급성 중등도 통증(4-7),BE,3
정형외과,M,상지 손상,F,만성 중증 통증(8-10),BF,3
정형외과,M,상지 손상,F,급성 경증 통증(<4),BG,4
정형외과,M,상지 손상,F,만성 중등도 통증(4-7),BH,4
정형외과,M,상지 손상,F,만성 경증 통증(<4),BI,5
정형외과,M,상지 손상,F,개방성 골절 또는 신경혈관 장애,CA,2
정형외과,M,상지 손상,F,명백한 변형,CB,3
정형외과,M,상지 손상,F,"석고붕대가 꽉 끼어 아프고, 신경혈관  장애를 동반함",CC,3
정형외과,M,상지 손상,F,"석고붕대가 꽉 끼어 아프지만, 신경혈관  장애는 없음",CD,4
정형외과,M,하지 손상,G,중증 호흡곤란,AA,1
정형외과,M,하지 손상,G,쇼크,AB,1
정형외과,M,하지 손상,G,무의식(GCS 3-8),AC,1
정형외과,M,하지 손상,G,중등도 호흡곤란,AD,2
정형외과,M,하지 손상,G,혈역학적 장애,AE,2
정형외과,M,하지 손상,G,의식변화(GCS 9-13),AF,2
정형외과,M,하지 손상,G,"열,면역억제 상태",AG,2
정형외과,M,하지 손상,G,"<3 개월, T<36℃ 또는  ≥38℃",AH,2
정형외과,M,하지 손상,G,"3-36 개월, T<32℃ 또는  ≥38℃, 그리고 아파보임",AI,2
정형외과,M,하지 손상,G,경증 호흡곤란,AJ,3
정형외과,M,하지 손상,G,정상 범위 밖의 활력징후,AK,3
정형외과,M,하지 손상,G,"3-36 개월, T<32-35℃  또는 ≥38℃ 그리고 건강해 보임",AL,3
정형외과,M,하지 손상,G,">36 개월, T≥38℃, 그리고  아파 보임",AM,3
정형외과,M,하지 손상,G,">36 개월, T≥38℃, 그리고  건강해 보임",AN,4
정형외과,M,하지 손상,G,출혈성 질환(생명이나 사지에 위급한  출혈),BA,2
정형외과,M,하지 손상,G,급성 중증 통증(8-10),BB,2
정형외과,M,하지 손상,G,고위험성 사고기전,BC,2
정형외과,M,하지 손상,G,출혈성 질환(중등도나 경증의 출혈),BD,3
정형외과,M,하지 손상,G,급성 중등도 통증(4-7),BE,3
정형외과,M,하지 손상,G,만성 중증 통증(8-10),BF,3
정형외과,M,하지 손상,G,급성 경증 통증(<4),BG,4
정형외과,M,하지 손상,G,만성 중등도 통증(4-7),BH,4
정형외과,M,하지 손상,G,만성 경증 통증(<4),BI,5
정형외과,M,하지 손상,G,개방성 골절 또는 신경혈관 장애,CA,2
정형외과,M,하지 손상,G,명백한 변형,CB,3
정형외과,M,하지 손상,G,"석고붕대가 꽉 끼어 아프고, 신경혈관  장애를 동반함",CC,3
정형외과,M,하지 손상,G,"석고붕대가 꽉 끼어 아프지만, 신경혈관  장애는 없음",CD,4
정형외과,M,관절 부종,H,중등도 호흡곤란,AA,2
정형외과,M,관절 부종,H,혈역학적 장애,AB,2
정형외과,M,관절 부종,H,의식변화(GCS 9-13),AC,2
정형외과,M,관절 부종,H,"열,면역억제 상태",AD,2
정형외과,M,관절 부종,H,"<3 개월, T<36℃ 또는  ≥38℃",AE,2
정형외과,M,관절 부종,H,"3-36 개월, T<32℃ 또는  ≥38℃, 그리고 아파보임",AF,2
정형외과,M,관절 부종,H,경증 호흡곤란,AG,3
정형외과,M,관절 부종,H,정상 범위 밖의 활력징후,AH,3
정형외과,M,관절 부종,H,"3-36 개월, T<32-35℃  또는 ≥38℃ 그리고 건강해 보임",AI,3
정형외과,M,관절 부종,H,">36 개월, T≥38℃, 그리고  아파 보임",AJ,3
정형외과,M,관절 부종,H,">36 개월, T≥38℃, 그리고  건강해 보임",AK,4
정형외과,M,관절 부종,H,급성 중증 통증(8-10),BA,2
정형외과,M,관절 부종,H,급성 중등도 통증(4-7),BB,3
정형외과,M,관절 부종,H,만성 중증 통증(8-10),BC,3
정형외과,M,관절 부종,H,출혈성 질환(중등도나 경증의 출혈),BD,3
정형외과,M,관절 부종,H,급성 경증 통증(<4),BE,4
정형외과,M,관절 부종,H,만성 중등도 통증(4-7),BF,4
정형외과,M,관절 부종,H,만성 경증 통증(<4),BG,5
정형외과,M,관절 부종,H,관절 부종,CA,5
정형외과,M,석고붕대 확인,I,급성 중증 통증(8-10),BA,2
정형외과,M,석고붕대 확인,I,급성 중등도 통증(4-7),BB,3
정형외과,M,석고붕대 확인,I,급성 경증 통증(<4),BC,4
정형외과,M,석고붕대 확인,I,"석고붕대가 꽉 끼어 아프고, 신경혈관  장애를 동반함",CA,3
정형외과,M,석고붕대 확인,I,"석고붕대가 꽉 끼어 아프지만, 신경혈관  장애는 없음",CB,4
정형외과,M,석고붕대 확인,I,석고붕대 체크 또는 석고붕대 교환,CC,5
정형외과,M,소아의 보행장애/ 보행 시 통증,J,"열,면역억제 상태",AA,2
정형외과,M,소아의 보행장애/ 보행 시 통증,J,"<3 개월, T<36℃ 또는  ≥38℃",AB,2
정형외과,M,소아의 보행장애/ 보행 시 통증,J,"3-36 개월, T<32℃ 또는  ≥38℃, 그리고 아파보임",AC,2
정형외과,M,소아의 보행장애/ 보행 시 통증,J,"3-36 개월, T<32-35℃  또는 ≥38℃ 그리고 건강해 보임",AD,3
정형외과,M,소아의 보행장애/ 보행 시 통증,J,">36 개월, T≥38℃, 그리고  아파 보임",AE,3
정형외과,M,소아의 보행장애/ 보행 시 통증,J,">36 개월, T≥38℃, 그리고  건강해 보임",AF,4
정형외과,M,소아의 보행장애/ 보행 시 통증,J,출혈성 질환(생명이나 사지에 위급한  출혈),BA,2
정형외과,M,소아의 보행장애/ 보행 시 통증,J,급성 중증 통증(8-10),BB,2
정형외과,M,소아의 보행장애/ 보행 시 통증,J,출혈성 질환(중등도나 경증의 출혈),BC,3
정형외과,M,소아의 보행장애/ 보행 시 통증,J,급성 중등도 통증(4-7),BD,3
정형외과,M,소아의 보행장애/ 보행 시 통증,J,만성 중증 통증(8-10),BE,3
정형외과,M,소아의 보행장애/ 보행 시 통증,J,급성 경증 통증(<4),BF,4
정형외과,M,소아의 보행장애/ 보행 시 통증,J,만성 중등도 통증(4-7),BG,4
정형외과,M,소아의 보행장애/ 보행 시 통증,J,만성 경증 통증(<4),BH,5
정형외과,M,소아의 보행장애/ 보행 시 통증,J,열을 동반한 다리를 저는 문제,CA,3
정형외과,M,소아의 보행장애/ 보행 시 통증,J,보행에 어려움 호소,CB,4
외상,N,중증외상-관통상,A,중증 호흡곤란,AA,1
외상,N,중증외상-관통상,A,쇼크,AB,1
외상,N,중증외상-관통상,A,무의식(GCS 3-8),AC,1
외상,N,중증외상-관통상,A,중등도 호흡곤란,AD,2
외상,N,중증외상-관통상,A,혈역학적 장애,AE,2
외상,N,중증외상-관통상,A,의식변화(GCS 9-13),AF,2
외상,N,중증외상-관통상,A,"열,면역억제 상태",AG,2
외상,N,중증외상-관통상,A,"<3 개월, T<36℃ 또는  ≥38℃",AH,2
외상,N,중증외상-관통상,A,"3-36 개월, T<32℃ 또는  ≥38℃, 그리고 아파보임",AI,2
외상,N,중증외상-관통상,A,경증 호흡곤란,AJ,3
외상,N,중증외상-관통상,A,정상 범위 밖의 활력징후,AK,3
외상,N,중증외상-관통상,A,"3-36 개월, T<32-35℃  또는 ≥38℃ 그리고 건강해 보임",AL,3
외상,N,중증외상-관통상,A,">36 개월, T≥38℃, 그리고  아파 보임",AM,3
외상,N,중증외상-관통상,A,급성 중증 통증(8-10),BA,2
외상,N,중증외상-관통상,A,출혈성 질환(생명이나 사지에 위급한  출혈),BB,2
외상,N,중증외상-관통상,A,고위험성 사고기전,BC,2
외상,N,중증외상-관통상,A,급성 중등도 통증(4-7),BD,3
외상,N,중증외상-관통상,A,출혈성 질환(중등도나 경증의 출혈),BE,3
외상,N,중증외상-관통상,A,"신경학적 손상과 동반된 척추 골절,  두부의 관통상",CA,1
외상,N,중증외상-관통상,A,사지의 신경혈관 장애,CB,2
외상,N,중증외상-관통상,A,"머리,가슴,복부의 관통상",CC,2
외상,N,중증외상-관통상,A,중증외상-관통상,CD,3
외상,N,중증외상-둔상,B,중증 호흡곤란,AA,1
외상,N,중증외상-둔상,B,쇼크,AB,1
외상,N,중증외상-둔상,B,무의식(GCS 3-8),AC,1
외상,N,중증외상-둔상,B,중등도 호흡곤란,AD,2
외상,N,중증외상-둔상,B,혈역학적 장애,AE,2
외상,N,중증외상-둔상,B,의식변화(GCS 9-13),AF,2
외상,N,중증외상-둔상,B,"열,면역억제 상태",AG,2
외상,N,중증외상-둔상,B,"<3 개월, T<36℃ 또는  ≥38℃",AH,2
외상,N,중증외상-둔상,B,"3-36 개월, T<32℃ 또는  ≥38℃, 그리고 아파보임",AI,2
외상,N,중증외상-둔상,B,경증 호흡곤란,AJ,3
외상,N,중증외상-둔상,B,정상 범위 밖의 활력징후,AK,3
외상,N,중증외상-둔상,B,"3-36 개월, T<32-35℃  또는 ≥38℃ 그리고 건강해 보임",AL,3
외상,N,중증외상-둔상,B,">36 개월, T≥38℃, 그리고  아파 보임",AM,3
외상,N,중증외상-둔상,B,">36 개월, T≥38℃, 그리고  건강해 보임",AN,4
외상,N,중증외상-둔상,B,급성 중증 통증(8-10),BA,2
외상,N,중증외상-둔상,B,출혈성 질환(생명이나 사지에 위급한  출혈),BB,2
외상,N,중증외상-둔상,B,고위험성 사고기전,BC,2
외상,N,중증외상-둔상,B,급성 중등도 통증(4-7),BD,3
외상,N,중증외상-둔상,B,출혈성 질환(중등도나 경증의 출혈),BE,3
외상,N,중증외상-둔상,B,급성 경증 통증(<4),BF,4
외상,N,중증외상-둔상,B,신경학적 손상과 동반된 척추 골절,CA,1
외상,N,중증외상-둔상,B,사지의 신경혈관 장애,CB,2
외상,N,중증외상-둔상,B,장기간의 척추고정,CC,3
외상,N,중증외상-둔상,B,중증외상-둔상,CD,4
외상,N,단독 흉부외상-관통상,C,중증 호흡곤란,AA,1
외상,N,단독 흉부외상-관통상,C,쇼크,AB,1
외상,N,단독 흉부외상-관통상,C,무의식(GCS 3-8),AC,1
외상,N,단독 흉부외상-관통상,C,중등도 호흡곤란,AD,2
외상,N,단독 흉부외상-관통상,C,혈역학적 장애,AE,2
외상,N,단독 흉부외상-관통상,C,의식변화(GCS 9-13),AF,2
외상,N,단독 흉부외상-관통상,C,"열,면역억제 상태",AG,2
외상,N,단독 흉부외상-관통상,C,"<3 개월, T<36℃ 또는  ≥38℃",AH,2
외상,N,단독 흉부외상-관통상,C,"3-36 개월, T<32℃ 또는  ≥38℃, 그리고 아파보임",AI,2
외상,N,단독 흉부외상-관통상,C,급성 중증 통증(8-10),BA,2
외상,N,단독 흉부외상-관통상,C,출혈성 질환(생명이나 사지에 위급한  출혈),BB,2
외상,N,단독 흉부외상-관통상,C,단독 흉부외상-관통상,CA,2
외상,N,단독 흉부외상-둔상,D,중증 호흡곤란,AA,1
외상,N,단독 흉부외상-둔상,D,쇼크,AB,1
외상,N,단독 흉부외상-둔상,D,무의식(GCS 3-8),AC,1
외상,N,단독 흉부외상-둔상,D,중등도 호흡곤란,AD,2
외상,N,단독 흉부외상-둔상,D,혈역학적 장애,AE,2
외상,N,단독 흉부외상-둔상,D,의식변화(GCS 9-13),AF,2
외상,N,단독 흉부외상-둔상,D,"열,면역억제 상태",AG,2
외상,N,단독 흉부외상-둔상,D,"<3 개월, T<36℃ 또는  ≥38℃",AH,2
외상,N,단독 흉부외상-둔상,D,"3-36 개월, T<32℃ 또는  ≥38℃, 그리고 아파보임",AI,2
외상,N,단독 흉부외상-둔상,D,경증 호흡곤란,AJ,3
외상,N,단독 흉부외상-둔상,D,정상 범위 밖의 활력징후,AK,3
외상,N,단독 흉부외상-둔상,D,"3-36 개월, T<32-35℃  또는 ≥38℃ 그리고 건강해 보임",AL,3
외상,N,단독 흉부외상-둔상,D,">36 개월, T≥38℃, 그리고  아파 보임",AM,3
외상,N,단독 흉부외상-둔상,D,">36 개월, T≥38℃, 그리고  건강해 보임",AN,4
외상,N,단독 흉부외상-둔상,D,급성 중증 통증(8-10),BA,2
외상,N,단독 흉부외상-둔상,D,출혈성 질환(생명이나 사지에 위급한  출혈),BB,2
외상,N,단독 흉부외상-둔상,D,고위험성 사고기전,BC,2
외상,N,단독 흉부외상-둔상,D,급성 중등도 통증(4-7),BD,3
외상,N,단독 흉부외상-둔상,D,출혈성 질환(중등도나 경증의 출혈),BE,3
외상,N,단독 흉부외상-둔상,D,급성 경증 통증(<4),BF,4
외상,N,단독 흉부외상-둔상,D,단독 흉부외상-둔상(건강해보임),CA,4
외상,N,단독 복부외상-관통상,E,중증 호흡곤란,AA,1
외상,N,단독 복부외상-관통상,E,쇼크,AB,1
외상,N,단독 복부외상-관통상,E,무의식(GCS 3-8),AC,1
외상,N,단독 복부외상-관통상,E,중등도 호흡곤란,AD,2
외상,N,단독 복부외상-관통상,E,혈역학적 장애,AE,2
외상,N,단독 복부외상-관통상,E,의식변화(GCS 9-13),AF,2
외상,N,단독 복부외상-관통상,E,"열,면역억제 상태",AG,2
외상,N,단독 복부외상-관통상,E,"<3 개월, T<36℃ 또는  ≥38℃",AH,2
외상,N,단독 복부외상-관통상,E,"3-36 개월, T<32℃ 또는  ≥38℃, 그리고 아파보임",AI,2
외상,N,단독 복부외상-관통상,E,급성 중증 통증(8-10),BA,2
외상,N,단독 복부외상-관통상,E,출혈성 질환(생명이나 사지에 위급한  출혈),BB,2
외상,N,단독 복부외상-관통상,E,단독 복부외상 - 관통상,CA,2
외상,N,단독 복부외상-둔상,F,중증 호흡곤란,AA,1
외상,N,단독 복부외상-둔상,F,쇼크,AB,1
외상,N,단독 복부외상-둔상,F,무의식(GCS 3-8),AC,1
외상,N,단독 복부외상-둔상,F,중등도 호흡곤란,AD,2
외상,N,단독 복부외상-둔상,F,혈역학적 장애,AE,2
외상,N,단독 복부외상-둔상,F,의식변화(GCS 9-13),AF,2
외상,N,단독 복부외상-둔상,F,"열,면역억제 상태",AG,2
외상,N,단독 복부외상-둔상,F,"<3 개월, T<36℃ 또는  ≥38℃",AH,2
외상,N,단독 복부외상-둔상,F,"3-36 개월, T<32℃ 또는  ≥38℃, 그리고 아파보임",AI,2
외상,N,단독 복부외상-둔상,F,경증 호흡곤란,AJ,3
외상,N,단독 복부외상-둔상,F,정상 범위 밖의 활력징후,AK,3
외상,N,단독 복부외상-둔상,F,"3-36 개월, T<32-35℃  또는 ≥38℃ 그리고 건강해 보임",AL,3
외상,N,단독 복부외상-둔상,F,">36 개월, T≥38℃, 그리고  아파 보임",AM,3
외상,N,단독 복부외상-둔상,F,">36 개월, T≥38℃, 그리고  건강해 보임",AN,4
외상,N,단독 복부외상-둔상,F,급성 중증 통증(8-10),BA,2
외상,N,단독 복부외상-둔상,F,출혈성 질환(생명이나 사지에 위급한  출혈),BB,2
외상,N,단독 복부외상-둔상,F,고위험성 사고기전,BC,2
외상,N,단독 복부외상-둔상,F,급성 중등도 통증(4-7),BD,3
외상,N,단독 복부외상-둔상,F,출혈성 질환(중등도나 경증의 출혈),BE,3
외상,N,단독 복부외상-둔상,F,급성 경증 통증(<4),BF,4
외상,N,단독 복부외상-둔상,F,단독복부외상 - 둔상,CA,4
환경손상,O,동상/냉 손상,A,급성 중증 통증(8-10),BA,2
환경손상,O,동상/냉 손상,A,급성 중등도 통증(4-7),BB,3
환경손상,O,동상/냉 손상,A,만성 중증 통증(8-10),BC,3
환경손상,O,동상/냉 손상,A,급성 경증 통증(<4),BD,4
환경손상,O,동상/냉 손상,A,만성 중등도 통증(4-7),BE,4
환경손상,O,동상/냉 손상,A,만성 경증 통증(<4),BF,5
환경손상,O,동상/냉 손상,A,사지 말단부위에 맥박이 없고 차가움,CA,2
환경손상,O,동상/냉 손상,A,피부가 창백함,CB,3
환경손상,O,동상/냉 손상,A,동상/냉손상,CC,5
환경손상,O,유해물질흡입,B,중증 호흡곤란,AA,1
환경손상,O,유해물질흡입,B,쇼크,AB,1
환경손상,O,유해물질흡입,B,무의식(GCS 3-8),AC,1
환경손상,O,유해물질흡입,B,중등도 호흡곤란,AD,2
환경손상,O,유해물질흡입,B,혈역학적 장애,AE,2
환경손상,O,유해물질흡입,B,의식변화(GCS 9-13),AF,2
환경손상,O,유해물질흡입,B,경증 호흡곤란,AG,3
환경손상,O,유해물질흡입,B,정상 범위 밖의 활력징후,AH,3
환경손상,O,유해물질흡입,B,"연기 흡입, 또는 다른 물질 흡입,  호흡 곤란 없음",CA,3
환경손상,O,유해물질흡입,B,"유해물질을 흡입한 후 상당한 시간이  지남, 무증상",CB,4
환경손상,O,전기손상,C,중증 호흡곤란,AA,1
환경손상,O,전기손상,C,쇼크,AB,1
환경손상,O,전기손상,C,무의식(GCS 3-8),AC,1
환경손상,O,전기손상,C,중등도 호흡곤란,AD,2
환경손상,O,전기손상,C,혈역학적 장애,AE,2
환경손상,O,전기손상,C,의식변화(GCS 9-13),AF,2
환경손상,O,전기손상,C,경증 호흡곤란,AG,3
환경손상,O,전기손상,C,정상 범위 밖의 활력징후,AH,3
환경손상,O,전기손상,C,급성 중증 통증(8-10),BA,2
환경손상,O,전기손상,C,급성 중등도 통증(4-7),BB,3
환경손상,O,전기손상,C,명백한 피부손상,CA,2
환경손상,O,전기손상,C,명백한 피부손상 없음,CB,3
환경손상,O,화학물질 노출,D,중증 호흡곤란,AA,1
환경손상,O,화학물질 노출,D,쇼크,AB,1
환경손상,O,화학물질 노출,D,무의식(GCS 3-8),AC,1
환경손상,O,화학물질 노출,D,중등도 호흡곤란,AD,2
환경손상,O,화학물질 노출,D,혈역학적 장애,AE,2
환경손상,O,화학물질 노출,D,의식변화(GCS 9-13),AF,2
환경손상,O,화학물질 노출,D,체표면적 25% 이상의 중증 화상,CA,1
환경손상,O,화학물질 노출,D,"손과 발, 샅고랑 부위(Groin),  얼굴의 중증 화상",CB,2
환경손상,O,화학물질 노출,D,눈에 이물질이 튄 후 증상 있음,CC,2
환경손상,O,저체온증,E,중증 호흡곤란,AA,1
환경손상,O,저체온증,E,쇼크,AB,1
환경손상,O,저체온증,E,무의식(GCS 3-8),AC,1
환경손상,O,저체온증,E,중등도 호흡곤란,AD,2
환경손상,O,저체온증,E,혈역학적 장애,AE,2
환경손상,O,저체온증,E,의식변화(GCS 9-13),AF,2
환경손상,O,저체온증,E,"열,면역억제 상태",AG,2
환경손상,O,저체온증,E,"<3 개월, T<35℃",AH,2
환경손상,O,저체온증,E,">3개월,T<32℃ ",AI,2
환경손상,O,저체온증,E,경증 호흡곤란,AJ,3
환경손상,O,저체온증,E,체온 이외에 정상 범위 밖의 활력징후,AK,3
환경손상,O,저체온증,E,">3개월,T<32-35℃ ",AL,3
환경손상,O,저체온증,E,"저체온증,중심체온<32℃",CA,2
환경손상,O,저체온증,E,중심체온 32-35℃,CB,3
환경손상,O,저체온증,E,"동상없음, 정상 활력징후",CC,4
환경손상,O,익수,F,중증 호흡곤란,AA,1
환경손상,O,익수,F,쇼크,AB,1
환경손상,O,익수,F,무의식(GCS 3-8),AC,1
환경손상,O,익수,F,중등도 호흡곤란,AD,2
환경손상,O,익수,F,혈역학적 장애,AE,2
환경손상,O,익수,F,의식변화(GCS 9-13),AF,2
환경손상,O,익수,F,"열,면역억제 상태",AG,2
환경손상,O,익수,F,"<3 개월, T<36℃ 또는  ≥38℃",AH,2
환경손상,O,익수,F,"3-36 개월, T<32℃ 또는  ≥38℃, 그리고 아파보임",AI,2
환경손상,O,익수,F,경증 호흡곤란,AJ,3
환경손상,O,익수,F,정상 범위 밖의 활력징후,AK,3
환경손상,O,익수,F,"3-36 개월, T<32-35℃  또는 ≥38℃ 그리고 건강해 보임",AL,3
환경손상,O,익수,F,">36 개월, T32-35℃  또는≥38℃, 그리고 아파 보임",AM,3
환경손상,O,익수,F,"저체온증,중심체온<32℃",CA,2
환경손상,O,익수,F,중심체온 32-35℃,CB,3
피부,P,물림(Bite),A,중증 호흡곤란,AA,1
피부,P,물림(Bite),A,쇼크,AB,1
피부,P,물림(Bite),A,무의식(GCS 3-8),AC,1
피부,P,물림(Bite),A,중등도 호흡곤란,AD,2
피부,P,물림(Bite),A,혈역학적 장애,AE,2
피부,P,물림(Bite),A,의식변화(GCS 9-13),AF,2
피부,P,물림(Bite),A,"열,면역억제 상태",AG,2
피부,P,물림(Bite),A,"<3 개월, T<36℃ 또는  ≥38℃",AH,2
피부,P,물림(Bite),A,"3-36 개월, T<32℃ 또는  ≥38℃, 그리고 아파보임",AI,2
피부,P,물림(Bite),A,경증 호흡곤란,AJ,3
피부,P,물림(Bite),A,정상 범위 밖의 활력징후,AK,3
피부,P,물림(Bite),A,"3-36 개월, T<32-35℃  또는 ≥38℃ 그리고 건강해 보임",AL,3
피부,P,물림(Bite),A,">36 개월, T≥38℃, 그리고  아파 보임",AM,3
피부,P,물림(Bite),A,">36 개월, T≥38℃, 그리고  건강해 보임",AN,4
피부,P,물림(Bite),A,급성 중증 통증(8-10),BA,2
피부,P,물림(Bite),A,급성 중등도 통증(4-7),BB,3
피부,P,물림(Bite),A,급성 경증 통증(<4),BC,4
피부,P,물림(Bite),A,중증 알레르기반응의 기왕력,CA,2
피부,P,물림(Bite),A,경증물림,CB,5
피부,P,쏘임(Sting),B,중증 호흡곤란,AA,1
피부,P,쏘임(Sting),B,쇼크,AB,1
피부,P,쏘임(Sting),B,무의식(GCS 3-8),AC,1
피부,P,쏘임(Sting),B,중등도 호흡곤란,AD,2
피부,P,쏘임(Sting),B,혈역학적 장애,AE,2
피부,P,쏘임(Sting),B,의식변화(GCS 9-13),AF,2
피부,P,쏘임(Sting),B,"열,면역억제 상태",AG,2
피부,P,쏘임(Sting),B,"<3 개월, T<36℃ 또는  ≥38℃",AH,2
피부,P,쏘임(Sting),B,"3-36 개월, T<32℃ 또는  ≥38℃, 그리고 아파보임",AI,2
피부,P,쏘임(Sting),B,경증 호흡곤란,AJ,3
피부,P,쏘임(Sting),B,정상 범위 밖의 활력징후,AK,3
피부,P,쏘임(Sting),B,"3-36 개월, T<32-35℃  또는 ≥38℃ 그리고 건강해 보임",AL,3
피부,P,쏘임(Sting),B,">36 개월, T≥38℃, 그리고  아파 보임",AM,3
피부,P,쏘임(Sting),B,">36 개월, T≥38℃, 그리고  건강해 보임",AN,4
피부,P,쏘임(Sting),B,급성 중증 통증(8-10),BA,2
피부,P,쏘임(Sting),B,급성 중등도 통증(4-7),BB,3
피부,P,쏘임(Sting),B,급성 경증 통증(<4),BC,4
피부,P,쏘임(Sting),B,중증 알레르기반응의 기왕력,CA,2
피부,P,쏘임(Sting),B,쏘임,CB,5
피부,P,찰과상,C,급성 중증 통증(8-10),BA,2
피부,P,찰과상,C,급성 중등도 통증(4-7),BB,3
피부,P,찰과상,C,급성 경증 통증(<4),BC,4
피부,P,찰과상,C,찰과상±출혈 동반,CA,4
피부,P,열상/천공,D,중증 호흡곤란,AA,1
피부,P,열상/천공,D,쇼크,AB,1
피부,P,열상/천공,D,무의식(GCS 3-8),AC,1
피부,P,열상/천공,D,중등도 호흡곤란,AD,2
피부,P,열상/천공,D,혈역학적 장애,AE,2
피부,P,열상/천공,D,의식변화(GCS 9-13),AF,2
피부,P,열상/천공,D,"열,면역억제 상태",AG,2
피부,P,열상/천공,D,"<3 개월, T<36℃ 또는  ≥38℃",AH,2
피부,P,열상/천공,D,"3-36 개월, T<32℃ 또는  ≥38℃, 그리고 아파보임",AI,2
피부,P,열상/천공,D,경증 호흡곤란,AJ,3
피부,P,열상/천공,D,정상 범위 밖의 활력징후,AK,3
피부,P,열상/천공,D,"3-36 개월, T<32-35℃  또는 ≥38℃ 그리고 건강해 보임",AL,3
피부,P,열상/천공,D,">36 개월, T≥38℃, 그리고  아파 보임",AM,3
피부,P,열상/천공,D,">36 개월, T≥38℃, 그리고  건강해 보임",AN,4
피부,P,열상/천공,D,출혈성 질환(생명이나 사지에 위급한  출혈),BA,2
피부,P,열상/천공,D,급성 중증 통증(8-10),BB,2
피부,P,열상/천공,D,출혈성 질환(중등도나 경증의 출혈),BC,3
피부,P,열상/천공,D,급성 중등도 통증(4-7),BD,3
피부,P,열상/천공,D,급성 경증 통증(<4),BE,4
피부,P,열상/천공,D,신경혈관 장애를 동반한 복합창상,CA,2
피부,P,열상/천공,D,지속되고 있는 출혈,CB,3
피부,P,열상/천공,D,지혈되었거나 조절되고 있는 출혈,CC,4
피부,P,열상/천공,D,봉합 필요,CD,4
피부,P,열상/천공,D,봉합 필요 없음,CE,5
피부,P,화상,E,중증 호흡곤란,AA,1
피부,P,화상,E,쇼크,AB,1
피부,P,화상,E,무의식(GCS 3-8),AC,1
피부,P,화상,E,중등도 호흡곤란,AD,2
피부,P,화상,E,혈역학적 장애,AE,2
피부,P,화상,E,의식변화(GCS 9-13),AF,2
피부,P,화상,E,"열,면역억제 상태",AG,2
피부,P,화상,E,"<3 개월, T<36℃ 또는  ≥38℃",AH,2
피부,P,화상,E,"3-36 개월, T<32℃ 또는  ≥38℃, 그리고 아파보임",AI,2
피부,P,화상,E,경증 호흡곤란,AJ,3
피부,P,화상,E,정상 범위 밖의 활력징후,AK,3
피부,P,화상,E,"3-36 개월, T<32-35℃  또는 ≥38℃ 그리고 건강해 보임",AL,3
피부,P,화상,E,">36 개월, T≥38℃, 그리고  아파 보임",AM,3
피부,P,화상,E,">36 개월, T≥38℃, 그리고  건강해 보임",AN,4
피부,P,화상,E,급성 중증 통증(8-10),BA,2
피부,P,화상,E,급성 중등도 통증(4-7),BB,3
피부,P,화상,E,급성 경증 통증(<4),BC,4
피부,P,화상,E,체표면적 25% 이상의 화상,CA,1
피부,P,화상,E,"손,발,얼굴,회음부 부위의 2도 이상의  화상",CB,2
피부,P,화상,E,체표면적5-25%의  화상,CC,2
피부,P,화상,E,체표면적의 <5%인 3도 이상의  화상; 혹은 <10%의 2도 화상,CD,3
피부,P,화상,E,통증없는 경증 화상,CE,5
피부,P,혈액과 체액 노출,F,"고위험 노출: 주사침 찔림, 속이 빈  주사바늘, 에이즈 혹은 간염 바이러스 보균자이거나 가능성 있음, 알고 있는 저위험 감염원이 아니면 고위험으로 간주",CA,2
피부,P,혈액과 체액 노출,F,저위험 노출: 속이 빈 주사바늘이 아닌  경우 또는 저위험 감염원에서 액체가 튐,CB,3
피부,P,"이물질, 피부",G,경증 호흡곤란,AA,3
피부,P,"이물질, 피부",G,정상 범위 밖의 활력징후,AB,3
피부,P,"이물질, 피부",G,"3-36 개월, T<32-35℃  또는 ≥38℃ 그리고 건강해 보임",AC,3
피부,P,"이물질, 피부",G,">36 개월, T≥38℃, 그리고  아파 보임",AD,3
피부,P,"이물질, 피부",G,">36 개월, T≥38℃, 그리고  건강해 보임",AE,4
피부,P,"이물질, 피부",G,급성 중등도 통증(4-7),BA,3
피부,P,"이물질, 피부",G,급성 경증 통증(<4),BB,4
피부,P,"이물질, 피부",G,"이물질, 피부",CA,5
피부,P,상처 확인,H,경증 호흡곤란,AA,3
피부,P,상처 확인,H,정상 범위 밖의 활력징후,AB,3
피부,P,상처 확인,H,"3-36 개월, T<32-35℃  또는 ≥38℃ 그리고 건강해 보임",AC,3
피부,P,상처 확인,H,">36 개월, T≥38℃, 그리고  아파 보임",AD,3
피부,P,상처 확인,H,">36 개월, T≥38℃, 그리고  건강해 보임",AE,4
피부,P,상처 확인,H,급성 중등도 통증(4-7),BA,3
피부,P,상처 확인,H,급성 경증 통증(<4),BB,4
피부,P,상처 확인,H,상처확인,CA,5
피부,P,스테이플/봉합사제거,I,경증 호흡곤란,AA,3
피부,P,스테이플/봉합사제거,I,정상 범위 밖의 활력징후,AB,3
피부,P,스테이플/봉합사제거,I,"3-36 개월, T<32-35℃  또는 ≥38℃ 그리고 건강해 보임",AC,3
피부,P,스테이플/봉합사제거,I,">36 개월, T≥38℃, 그리고  아파 보임",AD,3
피부,P,스테이플/봉합사제거,I,">36 개월, T≥38℃, 그리고  건강해 보임",AE,4
피부,P,스테이플/봉합사제거,I,급성 중등도 통증(4-7),BA,3
피부,P,스테이플/봉합사제거,I,급성 경증 통증(<4),BB,4
피부,P,스테이플/봉합사제거,I,스테이플/봉합사제거,CA,5
피부,P,발진,J,중등도 호흡곤란,AA,2
피부,P,발진,J,혈역학적 장애,AB,2
피부,P,발진,J,의식변화(GCS 9-13),AC,2
피부,P,발진,J,"열,면역억제 상태",AD,2
피부,P,발진,J,"<3 개월, T<36℃ 또는  ≥38℃",AE,2
피부,P,발진,J,"3-36 개월, T<32℃ 또는  ≥38℃, 그리고 아파보임",AF,2
피부,P,발진,J,경증 호흡곤란,AG,3
피부,P,발진,J,정상 범위 밖의 활력징후,AH,3
피부,P,발진,J,"3-36 개월, T<32-35℃  또는 ≥38℃ 그리고 건강해 보임",AI,3
피부,P,발진,J,">36 개월, T≥38℃, 그리고  아파 보임",AJ,3
피부,P,발진,J,">36 개월, T≥38℃, 그리고  건강해 보임",AK,4
피부,P,발진,J,급성 중증 통증(8-10),BA,2
피부,P,발진,J,급성 중등도 통증(4-7),BB,3
피부,P,발진,J,급성 경증 통증(<4),BC,4
피부,P,발진,J,"얼굴 연조직염, 안와주위부 포함",CA,2
피부,P,발진,J,"자반성 또는 점 발진, 아파보임",CB,2
피부,P,발진,J,국소성 연조직염,CC,4
피부,P,발진,J,국소성 발진,CD,5
피부,P,유방의 발적/압통,K,중등도 호흡곤란,AA,2
피부,P,유방의 발적/압통,K,혈역학적 장애,AB,2
피부,P,유방의 발적/압통,K,의식변화(GCS 9-13),AC,2
피부,P,유방의 발적/압통,K,"열,면역억제 상태",AD,2
피부,P,유방의 발적/압통,K,"<3 개월, T<36℃ 또는  ≥38℃",AE,2
피부,P,유방의 발적/압통,K,"3-36 개월, T<32℃ 또는  ≥38℃, 그리고 아파보임",AF,2
피부,P,유방의 발적/압통,K,경증 호흡곤란,AG,3
피부,P,유방의 발적/압통,K,정상 범위 밖의 활력징후,AH,3
피부,P,유방의 발적/압통,K,"3-36 개월, T<32-35℃  또는 ≥38℃ 그리고 건강해 보임",AI,3
피부,P,유방의 발적/압통,K,">36 개월, T≥38℃, 그리고  아파 보임",AJ,3
피부,P,유방의 발적/압통,K,">36 개월, T≥38℃, 그리고  건강해 보임",AK,4
피부,P,유방의 발적/압통,K,급성 중증 통증(8-10),BA,2
피부,P,유방의 발적/압통,K,급성 중등도 통증(4-7),BB,3
피부,P,유방의 발적/압통,K,급성 경증 통증(<4),BC,4
피부,P,유방의 발적/압통,K,유방의 발적/압통,CA,5
피부,P,국소성 부종/발적,L,중증 호흡곤란,AA,1
피부,P,국소성 부종/발적,L,쇼크,AB,1
피부,P,국소성 부종/발적,L,무의식(GCS 3-8),AC,1
피부,P,국소성 부종/발적,L,중등도 호흡곤란,AD,2
피부,P,국소성 부종/발적,L,혈역학적 장애,AE,2
피부,P,국소성 부종/발적,L,의식변화(GCS 9-13),AF,2
피부,P,국소성 부종/발적,L,"열,면역억제 상태",AG,2
피부,P,국소성 부종/발적,L,"<3 개월, T<36℃ 또는  ≥38℃",AH,2
피부,P,국소성 부종/발적,L,"3-36 개월, T<32℃ 또는  ≥38℃, 그리고 아파보임",AI,2
피부,P,국소성 부종/발적,L,경증 호흡곤란,AJ,3
피부,P,국소성 부종/발적,L,정상 범위 밖의 활력징후,AK,3
피부,P,국소성 부종/발적,L,"3-36 개월, T<32-35℃  또는 ≥38℃ 그리고 건강해 보임",AL,3
피부,P,국소성 부종/발적,L,">36 개월, T≥38℃, 그리고  아파 보임",AM,3
피부,P,국소성 부종/발적,L,">36 개월, T≥38℃, 그리고  건강해 보임",AN,4
피부,P,국소성 부종/발적,L,급성 중증 통증(8-10),BA,2
피부,P,국소성 부종/발적,L,급성 중등도 통증(4-7),BB,3
피부,P,국소성 부종/발적,L,급성 경증 통증(<4),BC,4
피부,P,국소성 부종/발적,L,"얼굴 연조직염, 특히, 안와주위",CA,2
피부,P,국소성 부종/발적,L,"자반성 또는 점 발진, 아파보임",CB,2
피부,P,국소성 부종/발적,L,국소성 연조직염,CC,4
피부,P,국소성 부종/발적,L,국소성 발진,CD,5
피부,P,"혹,돌기,굳은살",M,중등도 호흡곤란,AA,2
피부,P,"혹,돌기,굳은살",M,혈역학적 장애,AB,2
피부,P,"혹,돌기,굳은살",M,의식변화(GCS 9-13),AC,2
피부,P,"혹,돌기,굳은살",M,"열,면역억제 상태",AD,2
피부,P,"혹,돌기,굳은살",M,"<3 개월, T<36℃ 또는  ≥38℃",AE,2
피부,P,"혹,돌기,굳은살",M,"3-36 개월, T<32℃ 또는  ≥38℃, 그리고 아파보임",AF,2
피부,P,"혹,돌기,굳은살",M,경증 호흡곤란,AG,3
피부,P,"혹,돌기,굳은살",M,정상 범위 밖의 활력징후,AH,3
피부,P,"혹,돌기,굳은살",M,"3-36 개월, T<32-35℃  또는 ≥38℃ 그리고 건강해 보임",AI,3
피부,P,"혹,돌기,굳은살",M,">36 개월, T≥38℃, 그리고  아파 보임",AJ,3
피부,P,"혹,돌기,굳은살",M,">36 개월, T≥38℃, 그리고  건강해 보임",AK,4
피부,P,"혹,돌기,굳은살",M,급성 중증 통증(8-10),BA,2
피부,P,"혹,돌기,굳은살",M,급성 중등도 통증(4-7),BB,3
피부,P,"혹,돌기,굳은살",M,급성 경증 통증(<4),BC,4
피부,P,"혹,돌기,굳은살",M,"혹,돌기,굳은살",CA,5
피부,P,감염 가능성 확인,N,급성 중등도 통증(4-7),BA,3
피부,P,감염 가능성 확인,N,급성 경증 통증(<4),BB,4
피부,P,감염 가능성 확인,N,감염 가능성 확인,CA,5
피부,P,청색증,O,중증 호흡곤란,AA,1
피부,P,청색증,O,쇼크,AB,1
피부,P,청색증,O,무의식(GCS 3-8),AC,1
피부,P,청색증,O,중등도 호흡곤란,AD,2
피부,P,청색증,O,혈역학적 장애,AE,2
피부,P,청색증,O,의식변화(GCS 9-13),AF,2
피부,P,청색증,O,"열,면역억제 상태",AG,2
피부,P,청색증,O,"<3 개월, T<36℃ 또는  ≥38℃",AH,2
피부,P,청색증,O,"3-36 개월, T<32℃ 또는  ≥38℃, 그리고 아파보임",AI,2
피부,P,청색증,O,경증 호흡곤란,AJ,3
피부,P,청색증,O,정상 범위 밖의 활력징후,AK,3
피부,P,청색증,O,"3-36개월, T32-35℃ 또는  38℃ 그리고 건강해 보임",AL,3
피부,P,청색증,O,">36 개월, T≥38℃, 그리고  아파 보임",AM,3
피부,P,청색증,O,청색증,CA,3
피부,P,외상없이 저절로 멍듦,P,중증 호흡곤란,AA,1
피부,P,외상없이 저절로 멍듦,P,쇼크,AB,1
피부,P,외상없이 저절로 멍듦,P,무의식(GCS 3-8),AC,1
피부,P,외상없이 저절로 멍듦,P,중등도 호흡곤란,AD,2
피부,P,외상없이 저절로 멍듦,P,혈역학적 장애,AE,2
피부,P,외상없이 저절로 멍듦,P,의식변화(GCS 9-13),AF,2
피부,P,외상없이 저절로 멍듦,P,"열,면역억제 상태",AG,2
피부,P,외상없이 저절로 멍듦,P,"<3 개월, T<36℃ 또는  ≥38℃",AH,2
피부,P,외상없이 저절로 멍듦,P,"3-36 개월, T<32℃ 또는  ≥38℃, 그리고 아파보임",AI,2
피부,P,외상없이 저절로 멍듦,P,경증 호흡곤란,AJ,3
피부,P,외상없이 저절로 멍듦,P,정상 범위 밖의 활력징후,AK,3
피부,P,외상없이 저절로 멍듦,P,"3-36 개월, T<32-35℃  또는 ≥38℃ 그리고 건강해 보임",AL,3
피부,P,외상없이 저절로 멍듦,P,">36 개월, T≥38℃, 그리고  아파 보임",AM,3
피부,P,외상없이 저절로 멍듦,P,출혈성 질환(생명이나 사지에 위급한  출혈),BA,2
피부,P,외상없이 저절로 멍듦,P,출혈성 질환(중등도나 경증의 출혈),BB,3
피부,P,외상없이 저절로 멍듦,P,외상없이 저절로 멍듦,CA,3
피부,P,소양증,Q,급성 중등도 통증(4-7),BA,3
피부,P,소양증,Q,급성 경증 통증(<4),BB,4
피부,P,소양증,Q,소양증,CA,5
피부,P,기타피부상태,R,경증 호흡곤란,AA,3
피부,P,기타피부상태,R,정상 범위 밖의 활력징후,AB,3
피부,P,기타피부상태,R,"3-36 개월, T<32-35℃  또는 ≥38℃ 그리고 건강해 보임",AC,3
피부,P,기타피부상태,R,">36 개월, T≥38℃, 그리고  아파 보임",AD,3
피부,P,기타피부상태,R,">36 개월, T≥38℃, 그리고  건강해 보임",AE,4
피부,P,기타피부상태,R,급성 중등도 통증(4-7),BA,3
피부,P,기타피부상태,R,급성 경증 통증(<4),BB,4
피부,P,기타피부상태,R,기타피부상태,CA,5
일반,Q,전염성 질환에 노출,A,전염성 질환에 노출,CA,5
일반,Q,열,B,중증 호흡곤란,AA,1
일반,Q,열,B,쇼크,AB,1
일반,Q,열,B,무의식(GCS 3-8),AC,1
일반,Q,열,B,중등도 호흡곤란,AD,2
일반,Q,열,B,혈역학적 장애,AE,2
일반,Q,열,B,의식변화(GCS 9-13),AF,2
일반,Q,열,B,"열,면역억제 상태",AG,2
일반,Q,열,B,"<3 개월, T<36℃ 또는  ≥38℃",AH,2
일반,Q,열,B,"3-36 개월, T<32℃ 또는  ≥38℃, 그리고 아파보임",AI,2
일반,Q,열,B,경증 호흡곤란,AJ,3
일반,Q,열,B,정상 범위 밖의 활력징후,AK,3
일반,Q,열,B,"3-36 개월, T<32-35℃  또는 ≥38℃ 그리고 건강해 보임",AL,3
일반,Q,열,B,">36 개월, T≥38℃, 그리고  아파 보임",AM,3
일반,Q,열,B,">36 개월, T≥38℃, 그리고  건강해 보임",AN,4
일반,Q,열,B,점 발진,CA,2
일반,Q,열,B,열,CB,4
일반,Q,고혈당,C,중증 호흡곤란,AA,1
일반,Q,고혈당,C,쇼크,AB,1
일반,Q,고혈당,C,무의식(GCS 3-8),AC,1
일반,Q,고혈당,C,중등도 호흡곤란,AD,2
일반,Q,고혈당,C,혈역학적 장애,AE,2
일반,Q,고혈당,C,의식변화(GCS 9-13),AF,2
일반,Q,고혈당,C,"열,면역억제 상태",AG,2
일반,Q,고혈당,C,"<3 개월, T<36℃ 또는  ≥38℃",AH,2
일반,Q,고혈당,C,"3-36 개월, T<32℃ 또는  ≥38℃, 그리고 아파보임",AI,2
일반,Q,고혈당,C,경증 호흡곤란,AJ,3
일반,Q,고혈당,C,정상 범위 밖의 활력징후,AK,3
일반,Q,고혈당,C,"3-36 개월, T<32-35℃  또는 ≥38℃ 그리고 건강해 보임",AL,3
일반,Q,고혈당,C,">36 개월, T≥38℃, 그리고  아파 보임",AM,3
일반,Q,고혈당,C,">324mg/dl, 증상 있음,  호흡곤란,탈수,쇠약",CA,2
일반,Q,고혈당,C,">324mg/dl, 무증상",CB,3
일반,Q,저혈당,D,중증 호흡곤란,AA,1
일반,Q,저혈당,D,쇼크,AB,1
일반,Q,저혈당,D,무의식(GCS 3-8),AC,1
일반,Q,저혈당,D,중등도 호흡곤란,AD,2
일반,Q,저혈당,D,혈역학적 장애,AE,2
일반,Q,저혈당,D,의식변화(GCS 9-13),AF,2
일반,Q,저혈당,D,"열,면역억제 상태",AG,2
일반,Q,저혈당,D,"<3 개월, T<36℃ 또는  ≥38℃",AH,2
일반,Q,저혈당,D,"3-36 개월, T<32℃ 또는  ≥38℃, 그리고 아파보임",AI,2
일반,Q,저혈당,D,경증 호흡곤란,AJ,3
일반,Q,저혈당,D,정상 범위 밖의 활력징후,AK,3
일반,Q,저혈당,D,"3-36 개월, T<32-35℃  또는 ≥38℃ 그리고 건강해 보임",AL,3
일반,Q,저혈당,D,">36 개월, T≥38℃, 그리고  아파 보임",AM,3
일반,Q,저혈당,D,"<54mg/dl 증상 있음,  의식혼미, 식은땀, 행동변화, 발작 ,1살 미만 영아",CA,2
일반,Q,저혈당,D,<54mg/dl 무증상,CB,3
일반,Q,전문 진료를 위해서 의뢰된 환자,E,중증 호흡곤란,AA,1
일반,Q,전문 진료를 위해서 의뢰된 환자,E,쇼크,AB,1
일반,Q,전문 진료를 위해서 의뢰된 환자,E,무의식(GCS 3-8),AC,1
일반,Q,전문 진료를 위해서 의뢰된 환자,E,중등도 호흡곤란,AD,2
일반,Q,전문 진료를 위해서 의뢰된 환자,E,혈역학적 장애,AE,2
일반,Q,전문 진료를 위해서 의뢰된 환자,E,의식변화(GCS 9-13),AF,2
일반,Q,전문 진료를 위해서 의뢰된 환자,E,"열,면역억제 상태",AG,2
일반,Q,전문 진료를 위해서 의뢰된 환자,E,"<3 개월, T<36℃ 또는  ≥38℃",AH,2
일반,Q,전문 진료를 위해서 의뢰된 환자,E,"3-36 개월, T<32℃ 또는  ≥38℃, 그리고 아파보임",AI,2
일반,Q,전문 진료를 위해서 의뢰된 환자,E,경증 호흡곤란,AJ,3
일반,Q,전문 진료를 위해서 의뢰된 환자,E,정상 범위 밖의 활력징후,AK,3
일반,Q,전문 진료를 위해서 의뢰된 환자,E,"3-36 개월, T<32-35℃  또는 ≥38℃ 그리고 건강해 보임",AL,3
일반,Q,전문 진료를 위해서 의뢰된 환자,E,">36 개월, T≥38℃, 그리고  아파 보임",AM,3
일반,Q,전문 진료를 위해서 의뢰된 환자,E,">36 개월, T≥38℃, 그리고  건강해 보임",AN,4
일반,Q,전문 진료를 위해서 의뢰된 환자,E,급성 중증 통증(8-10),BA,2
일반,Q,전문 진료를 위해서 의뢰된 환자,E,급성 중등도 통증(4-7),BB,3
일반,Q,전문 진료를 위해서 의뢰된 환자,E,만성 중증 통증(8-10),BC,3
일반,Q,전문 진료를 위해서 의뢰된 환자,E,급성 경증 통증(<4),BD,4
일반,Q,전문 진료를 위해서 의뢰된 환자,E,만성 중등도 통증(4-7),BE,4
일반,Q,전문 진료를 위해서 의뢰된 환자,E,만성 경증 통증(<4),BF,5
일반,Q,전문 진료를 위해서 의뢰된 환자,E,전문진료를위해서의뢰된환자 ,CA,5
일반,Q,드레싱교체,F,경증 호흡곤란,AA,3
일반,Q,드레싱교체,F,정상 범위 밖의 활력징후,AB,3
일반,Q,드레싱교체,F,"3-36 개월, T<32-35℃  또는 ≥38℃ 그리고 건강해 보임",AC,3
일반,Q,드레싱교체,F,">36 개월, T≥38℃, 그리고  아파 보임",AD,3
일반,Q,드레싱교체,F,">36 개월, T≥38℃, 그리고  건강해 보임",AE,4
일반,Q,드레싱교체,F,급성 중등도 통증(4-7),BA,3
일반,Q,드레싱교체,F,급성 경증 통증(<4),BB,4
일반,Q,드레싱교체,F,드레싱교체,CA,5
일반,Q,영상학적 검사,G,영상학적 검사,CA,5
일반,Q,의료장비문제,H,중증 호흡곤란,AA,1
일반,Q,의료장비문제,H,쇼크,AB,1
일반,Q,의료장비문제,H,무의식(GCS 3-8),AC,1
일반,Q,의료장비문제,H,중등도 호흡곤란,AD,2
일반,Q,의료장비문제,H,혈역학적 장애,AE,2
일반,Q,의료장비문제,H,의식변화(GCS 9-13),AF,2
일반,Q,의료장비문제,H,"열,면역억제 상태",AG,2
일반,Q,의료장비문제,H,"<3 개월, T<36℃ 또는  ≥38℃",AH,2
일반,Q,의료장비문제,H,"3-36 개월, T<32℃ 또는  ≥38℃, 그리고 아파보임",AI,2
일반,Q,의료장비문제,H,경증 호흡곤란,AJ,3
일반,Q,의료장비문제,H,정상 범위 밖의 활력징후,AK,3
일반,Q,의료장비문제,H,"3-36 개월, T<32-35℃  또는 ≥38℃ 그리고 건강해 보임",AL,3
일반,Q,의료장비문제,H,">36 개월, T≥38℃, 그리고  아파 보임",AM,3
일반,Q,의료장비문제,H,">36 개월, T≥38℃, 그리고  건강해 보임",AN,4
일반,Q,의료장비문제,H,급성 중증 통증(8-10),BA,2
일반,Q,의료장비문제,H,급성 중등도 통증(4-7),BB,3
일반,Q,의료장비문제,H,급성 경증 통증(<4),BC,4
일반,Q,의료장비문제,H,의료장비문제 `증상없음` 또는  `불편함이 없음`,CA,4
일반,Q,처방전/투약문의,I,처방전/투약문의,CA,5
일반,Q,반지제거,J,"3-36 개월, T<32-35℃  또는 ≥38℃ 그리고 건강해 보임",AA,3
일반,Q,반지제거,J,">36 개월, T≥38℃, 그리고  아파 보임",AB,3
일반,Q,반지제거,J,">36 개월, T≥38℃, 그리고  건강해 보임",AC,4
일반,Q,반지제거,J,급성 중증 통증(8-10),BA,2
일반,Q,반지제거,J,급성 중등도 통증(4-7),BB,3
일반,Q,반지제거,J,급성 경증 통증(<4),BC,4
일반,Q,반지제거,J,신경혈관장애,CA,2
일반,Q,반지제거,J,반지제거,CB,4
일반,Q,비정상 검사수치,K,중증 호흡곤란,AA,1
일반,Q,비정상 검사수치,K,쇼크,AB,1
일반,Q,비정상 검사수치,K,무의식(GCS 3-8),AC,1
일반,Q,비정상 검사수치,K,중등도 호흡곤란,AD,2
일반,Q,비정상 검사수치,K,혈역학적 장애,AE,2
일반,Q,비정상 검사수치,K,의식변화(GCS 9-13),AF,2
일반,Q,비정상 검사수치,K,"열,면역억제 상태",AG,2
일반,Q,비정상 검사수치,K,"<3 개월, T<36℃ 또는  ≥38℃",AH,2
일반,Q,비정상 검사수치,K,"3-36 개월, T<32℃ 또는  ≥38℃, 그리고 아파보임",AI,2
일반,Q,비정상 검사수치,K,경증 호흡곤란,AJ,3
일반,Q,비정상 검사수치,K,정상 범위 밖의 활력징후,AK,3
일반,Q,비정상 검사수치,K,"3-36 개월, T<32-35℃  또는 ≥38℃ 그리고 건강해 보임",AL,3
일반,Q,비정상 검사수치,K,">36 개월, T≥38℃, 그리고  아파 보임",AM,3
일반,Q,비정상 검사수치,K,">36 개월, T≥38℃, 그리고  건강해 보임",AN,4
일반,Q,비정상 검사수치,K,출혈성 질환(생명이나 사지에 위급한  출혈),BA,2
일반,Q,비정상 검사수치,K,출혈성 질환(중등도나 경증의 출혈),BB,3
일반,Q,비정상 검사수치,K,"정상 활력징후, 위험  수치(critical value)",CA,3
일반,Q,비정상 검사수치,K,"정상 활력징후, 위험하지 않은 검사치",CB,5
일반,Q,창백함/빈혈,L,중증 호흡곤란,AA,1
일반,Q,창백함/빈혈,L,쇼크,AB,1
일반,Q,창백함/빈혈,L,무의식(GCS 3-8),AC,1
일반,Q,창백함/빈혈,L,중등도 호흡곤란,AD,2
일반,Q,창백함/빈혈,L,혈역학적 장애,AE,2
일반,Q,창백함/빈혈,L,의식변화(GCS 9-13),AF,2
일반,Q,창백함/빈혈,L,"열,면역억제 상태",AG,2
일반,Q,창백함/빈혈,L,"<3 개월, T<36℃ 또는  ≥38℃",AH,2
일반,Q,창백함/빈혈,L,"3-36 개월, T<32℃ 또는  ≥38℃, 그리고 아파보임",AI,2
일반,Q,창백함/빈혈,L,경증 호흡곤란,AJ,3
일반,Q,창백함/빈혈,L,정상 범위 밖의 활력징후,AK,3
일반,Q,창백함/빈혈,L,"3-36 개월, T<32-35℃  또는 ≥38℃ 그리고 건강해 보임",AL,3
일반,Q,창백함/빈혈,L,">36 개월, T≥38℃, 그리고  아파 보임",AM,3
일반,Q,창백함/빈혈,L,">36 개월, T≥38℃, 그리고  건강해 보임",AN,4
일반,Q,창백함/빈혈,L,출혈성 질환(생명이나 사지에 위급한  출혈),BA,2
일반,Q,창백함/빈혈,L,출혈성 질환(중등도나 경증의 출혈),BB,3
일반,Q,창백함/빈혈,L,창백함/빈혈,CA,4
일반,Q,수술 후 합병증,M,중등도 호흡곤란,AA,2
일반,Q,수술 후 합병증,M,혈역학적 장애,AB,2
일반,Q,수술 후 합병증,M,의식변화(GCS 9-13),AC,2
일반,Q,수술 후 합병증,M,"열,면역억제 상태",AD,2
일반,Q,수술 후 합병증,M,"<3 개월, T<36℃ 또는  ≥38℃",AE,2
일반,Q,수술 후 합병증,M,"3-36 개월, T<32℃ 또는  ≥38℃, 그리고 아파보임",AF,2
일반,Q,수술 후 합병증,M,경증 호흡곤란,AG,3
일반,Q,수술 후 합병증,M,정상 범위 밖의 활력징후,AH,3
일반,Q,수술 후 합병증,M,"3-36 개월, T<32-35℃  또는 ≥38℃ 그리고 건강해 보임",AI,3
일반,Q,수술 후 합병증,M,">36 개월, T≥38℃, 그리고  아파 보임",AJ,3
일반,Q,수술 후 합병증,M,">36 개월, T≥38℃, 그리고  건강해 보임",AK,4
일반,Q,수술 후 합병증,M,급성 중증 통증(8-10),BA,2
일반,Q,수술 후 합병증,M,출혈성 질환(생명이나 사지에 위급한  출혈),BB,2
일반,Q,수술 후 합병증,M,급성 중등도 통증(4-7),BC,3
일반,Q,수술 후 합병증,M,출혈성 질환(중등도나 경증의 출혈),BD,3
일반,Q,수술 후 합병증,M,급성 경증 통증(<4),BE,4
일반,Q,수술 후 합병증,M,"정상 활력징후, 통증없음, 정기적인  체크",CA,4
일반,Q,영아의 달랠 수 없는 울음,N,중증 호흡곤란,AA,1
일반,Q,영아의 달랠 수 없는 울음,N,쇼크,AB,1
일반,Q,영아의 달랠 수 없는 울음,N,무의식(GCS 3-8),AC,1
일반,Q,영아의 달랠 수 없는 울음,N,중등도 호흡곤란,AD,2
일반,Q,영아의 달랠 수 없는 울음,N,혈역학적 장애,AE,2
일반,Q,영아의 달랠 수 없는 울음,N,의식변화(GCS 9-13),AF,2
일반,Q,영아의 달랠 수 없는 울음,N,"열,면역억제 상태",AG,2
일반,Q,영아의 달랠 수 없는 울음,N,"<3 개월, T<36℃ 또는  ≥38℃",AH,2
일반,Q,영아의 달랠 수 없는 울음,N,"3-36 개월, T<32℃ 또는  ≥38℃, 그리고 아파보임",AI,2
일반,Q,영아의 달랠 수 없는 울음,N,경증 호흡곤란,AJ,3
일반,Q,영아의 달랠 수 없는 울음,N,정상 범위 밖의 활력징후,AK,3
일반,Q,영아의 달랠 수 없는 울음,N,"3-36 개월, T<32-35℃  또는 ≥38℃ 그리고 건강해 보임",AL,3
일반,Q,영아의 달랠 수 없는 울음,N,">36 개월, T≥38℃, 그리고  아파 보임",AM,3
일반,Q,영아의 달랠 수 없는 울음,N,">36 개월, T≥38℃, 그리고  건강해 보임",AN,4
일반,Q,영아의 달랠 수 없는 울음,N,달랠 수 없는 영아 - 비정상 활력징후,CA,2
일반,Q,영아의 달랠 수 없는 울음,N,달랠 수 없는 영아 - 활력징후는  안정적임,CB,3
일반,Q,영아의 달랠 수 없는 울음,N,보채지만 달랠 수 있는 영아,CC,4
일반,Q,소아의 선천적 문제,O,중증 호흡곤란,AA,1
일반,Q,소아의 선천적 문제,O,쇼크,AB,1
일반,Q,소아의 선천적 문제,O,무의식(GCS 3-8),AC,1
일반,Q,소아의 선천적 문제,O,중등도 호흡곤란,AD,2
일반,Q,소아의 선천적 문제,O,혈역학적 장애,AE,2
일반,Q,소아의 선천적 문제,O,의식변화(GCS 9-13),AF,2
일반,Q,소아의 선천적 문제,O,"열,면역억제 상태",AG,2
일반,Q,소아의 선천적 문제,O,"<3 개월, T<36℃ 또는  ≥38℃",AH,2
일반,Q,소아의 선천적 문제,O,"3-36 개월, T<32℃ 또는  ≥38℃, 그리고 아파보임",AI,2
일반,Q,소아의 선천적 문제,O,경증 호흡곤란,AJ,3
일반,Q,소아의 선천적 문제,O,정상 범위 밖의 활력징후,AK,3
일반,Q,소아의 선천적 문제,O,"3-36 개월, T<32-35℃  또는 ≥38℃ 그리고 건강해 보임",AL,3
일반,Q,소아의 선천적 문제,O,">36 개월, T≥38℃, 그리고  아파 보임",AM,3
일반,Q,소아의 선천적 문제,O,">36 개월, T≥38℃, 그리고  건강해 보임",AN,4
일반,Q,소아의 선천적 문제,O,출혈성 질환(생명이나 사지에 위급한  출혈),BA,2
일반,Q,소아의 선천적 문제,O,출혈성 질환(중등도나 경증의 출혈),BB,3
일반,Q,소아의 선천적 문제,O,빠른악화 가능성 또는 즉시 치료의  필요성이 있는 상태이거나 확인할 수 있는 프로토콜이 필요한 상황일 때,CA,2
일반,Q,소아의 선천적 문제,O,"유전 대사 질환으로 인한 구토/설사,  1형 당뇨병 또는 부신 기능 부전증",CB,2
일반,Q,소아의 선천적 문제,O,치료에 필요한지 보호자가 확인하고 싶은  경우,CC,3
일반,Q,소아의 선천적 문제,O,잠재적인 문제가 있는 선천적 질환을  가진 안정적인 상태의 소아,CD,4
일반,Q,경증 호소,P,중등도 호흡곤란,AA,2
일반,Q,경증 호소,P,혈역학적 장애,AB,2
일반,Q,경증 호소,P,의식변화(GCS 9-13),AC,2
일반,Q,경증 호소,P,"열,면역억제 상태",AD,2
일반,Q,경증 호소,P,"<3 개월, T<36℃ 또는  ≥38℃",AE,2
일반,Q,경증 호소,P,"3-36 개월, T<32℃ 또는  ≥38℃, 그리고 아파보임",AF,2
일반,Q,경증 호소,P,경증 호흡곤란,AG,3
일반,Q,경증 호소,P,정상 범위 밖의 활력징후,AH,3
일반,Q,경증 호소,P,"3-36 개월, T<32-35℃  또는 ≥38℃ 그리고 건강해 보임",AI,3
일반,Q,경증 호소,P,">36 개월, T≥38℃, 그리고  아파 보임",AJ,3
일반,Q,경증 호소,P,">36 개월, T≥38℃, 그리고  건강해 보임",AK,4
일반,Q,경증 호소,P,급성 중증 통증(8-10),BA,2
일반,Q,경증 호소,P,급성 중등도 통증(4-7),BB,3
일반,Q,경증 호소,P,만성 중증 통증(8-10),BC,3
일반,Q,경증 호소,P,급성 경증 통증(<4),BD,4
일반,Q,경증 호소,P,만성 중등도 통증(4-7),BE,4
일반,Q,경증 호소,P,만성 경증 통증(<4),BF,5
일반,Q,경증 호소,P,"경증 증상호소, 비특이적",CA,5
일반,Q,3개월 미만의 영아,Q,중증 호흡곤란,AA,1
일반,Q,3개월 미만의 영아,Q,쇼크,AB,1
일반,Q,3개월 미만의 영아,Q,무의식(GCS 3-8),AC,1
일반,Q,3개월 미만의 영아,Q,신생아,CA,2
